2025-03-10 14:42:33,188 - INFO - app - Logs API initialized successfully
2025-03-10 14:42:33,196 - INFO - app - Blueprints registered
2025-03-10 14:42:33,875 - INFO - app - Logs API initialized successfully
2025-03-10 14:42:33,883 - INFO - app - Blueprints registered
2025-03-10 14:43:52,942 - INFO - app - Logs API initialized successfully
2025-03-10 14:43:52,950 - INFO - app - Blueprints registered
2025-03-10 14:50:38,765 - INFO - app - Logs API initialized successfully
2025-03-10 14:50:38,772 - INFO - app - Blueprints registered
2025-03-10 14:51:00,587 - INFO - app - Logs API initialized successfully
2025-03-10 14:51:00,595 - INFO - app - Blueprints registered
2025-03-10 14:53:05,772 - INFO - app - Logs API initialized successfully
2025-03-10 14:53:05,780 - INFO - app - Blueprints registered
2025-03-10 14:59:20,439 - INFO - app - Logs API initialized successfully
2025-03-10 14:59:20,450 - INFO - app - Blueprints registered
2025-03-10 14:59:21,158 - INFO - app - Logs API initialized successfully
2025-03-10 14:59:21,166 - INFO - app - Blueprints registered
2025-03-10 15:24:27,690 - INFO - app - Logs API initialized successfully
2025-03-10 15:24:27,699 - INFO - app - Blueprints registered
2025-03-10 15:25:05,578 - INFO - app - Logs API initialized successfully
2025-03-10 15:25:05,586 - INFO - app - Blueprints registered
2025-03-10 15:25:52,554 - INFO - app - Logs API initialized successfully
2025-03-10 15:25:52,563 - INFO - app - Blueprints registered
2025-03-10 15:26:03,470 - INFO - app - Logs API initialized successfully
2025-03-10 15:26:03,478 - ERROR - app - Error registering blueprints: The name 'analytics_bp' is already registered for this blueprint. Use 'name=' to provide a unique name.
2025-03-10 15:26:10,345 - INFO - app - Logs API initialized successfully
2025-03-10 15:26:10,354 - INFO - app - Blueprints registered
2025-03-11 05:49:55,865 - ERROR - app - Error getting payments: (pymysql.err.OperationalError) (1054, "Unknown column 'payments.paymentDate' in 'field list'")
[SQL: SELECT payments.id AS payments_id, payments.apartment_id AS payments_apartment_id, payments.month AS payments_month, payments.status AS payments_status, payments.tenants AS payments_tenants, payments.internet AS payments_internet, payments.electricity AS payments_electricity, payments.other AS payments_other, payments.updated_at AS payments_updated_at, payments.`paymentDate` AS `payments_paymentDate`, payments.`paymentMethod` AS `payments_paymentMethod`, payments.`extraPayments` AS `payments_extraPayments`, payments.notes AS payments_notes, payments.year AS payments_year 
FROM payments 
WHERE payments.apartment_id = %(apartment_id_1)s]
[parameters: {'apartment_id_1': 1}]
(Background on this error at: https://sqlalche.me/e/20/e3q8)
2025-03-11 05:49:56,022 - ERROR - app - Error getting payments: (pymysql.err.OperationalError) (1054, "Unknown column 'payments.paymentDate' in 'field list'")
[SQL: SELECT payments.id AS payments_id, payments.apartment_id AS payments_apartment_id, payments.month AS payments_month, payments.status AS payments_status, payments.tenants AS payments_tenants, payments.internet AS payments_internet, payments.electricity AS payments_electricity, payments.other AS payments_other, payments.updated_at AS payments_updated_at, payments.`paymentDate` AS `payments_paymentDate`, payments.`paymentMethod` AS `payments_paymentMethod`, payments.`extraPayments` AS `payments_extraPayments`, payments.notes AS payments_notes, payments.year AS payments_year 
FROM payments 
WHERE payments.apartment_id = %(apartment_id_1)s]
[parameters: {'apartment_id_1': 1}]
(Background on this error at: https://sqlalche.me/e/20/e3q8)
2025-03-11 05:49:56,291 - ERROR - app - Error getting payments: (pymysql.err.OperationalError) (1054, "Unknown column 'payments.paymentDate' in 'field list'")
[SQL: SELECT payments.id AS payments_id, payments.apartment_id AS payments_apartment_id, payments.month AS payments_month, payments.status AS payments_status, payments.tenants AS payments_tenants, payments.internet AS payments_internet, payments.electricity AS payments_electricity, payments.other AS payments_other, payments.updated_at AS payments_updated_at, payments.`paymentDate` AS `payments_paymentDate`, payments.`paymentMethod` AS `payments_paymentMethod`, payments.`extraPayments` AS `payments_extraPayments`, payments.notes AS payments_notes, payments.year AS payments_year 
FROM payments 
WHERE payments.apartment_id = %(apartment_id_1)s]
[parameters: {'apartment_id_1': 1}]
(Background on this error at: https://sqlalche.me/e/20/e3q8)
2025-03-11 05:49:56,558 - ERROR - app - Error getting payments: (pymysql.err.OperationalError) (1054, "Unknown column 'payments.paymentDate' in 'field list'")
[SQL: SELECT payments.id AS payments_id, payments.apartment_id AS payments_apartment_id, payments.month AS payments_month, payments.status AS payments_status, payments.tenants AS payments_tenants, payments.internet AS payments_internet, payments.electricity AS payments_electricity, payments.other AS payments_other, payments.updated_at AS payments_updated_at, payments.`paymentDate` AS `payments_paymentDate`, payments.`paymentMethod` AS `payments_paymentMethod`, payments.`extraPayments` AS `payments_extraPayments`, payments.notes AS payments_notes, payments.year AS payments_year 
FROM payments 
WHERE payments.apartment_id = %(apartment_id_1)s]
[parameters: {'apartment_id_1': 1}]
(Background on this error at: https://sqlalche.me/e/20/e3q8)
2025-03-11 05:49:56,829 - ERROR - app - Error getting payments: (pymysql.err.OperationalError) (1054, "Unknown column 'payments.paymentDate' in 'field list'")
[SQL: SELECT payments.id AS payments_id, payments.apartment_id AS payments_apartment_id, payments.month AS payments_month, payments.status AS payments_status, payments.tenants AS payments_tenants, payments.internet AS payments_internet, payments.electricity AS payments_electricity, payments.other AS payments_other, payments.updated_at AS payments_updated_at, payments.`paymentDate` AS `payments_paymentDate`, payments.`paymentMethod` AS `payments_paymentMethod`, payments.`extraPayments` AS `payments_extraPayments`, payments.notes AS payments_notes, payments.year AS payments_year 
FROM payments 
WHERE payments.apartment_id = %(apartment_id_1)s]
[parameters: {'apartment_id_1': 1}]
(Background on this error at: https://sqlalche.me/e/20/e3q8)
2025-03-11 05:49:57,055 - ERROR - app - Error getting payments: (pymysql.err.OperationalError) (1054, "Unknown column 'payments.paymentDate' in 'field list'")
[SQL: SELECT payments.id AS payments_id, payments.apartment_id AS payments_apartment_id, payments.month AS payments_month, payments.status AS payments_status, payments.tenants AS payments_tenants, payments.internet AS payments_internet, payments.electricity AS payments_electricity, payments.other AS payments_other, payments.updated_at AS payments_updated_at, payments.`paymentDate` AS `payments_paymentDate`, payments.`paymentMethod` AS `payments_paymentMethod`, payments.`extraPayments` AS `payments_extraPayments`, payments.notes AS payments_notes, payments.year AS payments_year 
FROM payments 
WHERE payments.apartment_id = %(apartment_id_1)s]
[parameters: {'apartment_id_1': 1}]
(Background on this error at: https://sqlalche.me/e/20/e3q8)
2025-03-11 05:49:57,315 - ERROR - app - Error getting payments: (pymysql.err.OperationalError) (1054, "Unknown column 'payments.paymentDate' in 'field list'")
[SQL: SELECT payments.id AS payments_id, payments.apartment_id AS payments_apartment_id, payments.month AS payments_month, payments.status AS payments_status, payments.tenants AS payments_tenants, payments.internet AS payments_internet, payments.electricity AS payments_electricity, payments.other AS payments_other, payments.updated_at AS payments_updated_at, payments.`paymentDate` AS `payments_paymentDate`, payments.`paymentMethod` AS `payments_paymentMethod`, payments.`extraPayments` AS `payments_extraPayments`, payments.notes AS payments_notes, payments.year AS payments_year 
FROM payments 
WHERE payments.apartment_id = %(apartment_id_1)s]
[parameters: {'apartment_id_1': 1}]
(Background on this error at: https://sqlalche.me/e/20/e3q8)
2025-03-11 05:49:57,567 - ERROR - app - Error getting payments: (pymysql.err.OperationalError) (1054, "Unknown column 'payments.paymentDate' in 'field list'")
[SQL: SELECT payments.id AS payments_id, payments.apartment_id AS payments_apartment_id, payments.month AS payments_month, payments.status AS payments_status, payments.tenants AS payments_tenants, payments.internet AS payments_internet, payments.electricity AS payments_electricity, payments.other AS payments_other, payments.updated_at AS payments_updated_at, payments.`paymentDate` AS `payments_paymentDate`, payments.`paymentMethod` AS `payments_paymentMethod`, payments.`extraPayments` AS `payments_extraPayments`, payments.notes AS payments_notes, payments.year AS payments_year 
FROM payments 
WHERE payments.apartment_id = %(apartment_id_1)s]
[parameters: {'apartment_id_1': 1}]
(Background on this error at: https://sqlalche.me/e/20/e3q8)
2025-03-11 05:49:57,821 - ERROR - app - Error getting payments: (pymysql.err.OperationalError) (1054, "Unknown column 'payments.paymentDate' in 'field list'")
[SQL: SELECT payments.id AS payments_id, payments.apartment_id AS payments_apartment_id, payments.month AS payments_month, payments.status AS payments_status, payments.tenants AS payments_tenants, payments.internet AS payments_internet, payments.electricity AS payments_electricity, payments.other AS payments_other, payments.updated_at AS payments_updated_at, payments.`paymentDate` AS `payments_paymentDate`, payments.`paymentMethod` AS `payments_paymentMethod`, payments.`extraPayments` AS `payments_extraPayments`, payments.notes AS payments_notes, payments.year AS payments_year 
FROM payments 
WHERE payments.apartment_id = %(apartment_id_1)s]
[parameters: {'apartment_id_1': 1}]
(Background on this error at: https://sqlalche.me/e/20/e3q8)
2025-03-11 05:49:58,084 - ERROR - app - Error getting payments: (pymysql.err.OperationalError) (1054, "Unknown column 'payments.paymentDate' in 'field list'")
[SQL: SELECT payments.id AS payments_id, payments.apartment_id AS payments_apartment_id, payments.month AS payments_month, payments.status AS payments_status, payments.tenants AS payments_tenants, payments.internet AS payments_internet, payments.electricity AS payments_electricity, payments.other AS payments_other, payments.updated_at AS payments_updated_at, payments.`paymentDate` AS `payments_paymentDate`, payments.`paymentMethod` AS `payments_paymentMethod`, payments.`extraPayments` AS `payments_extraPayments`, payments.notes AS payments_notes, payments.year AS payments_year 
FROM payments 
WHERE payments.apartment_id = %(apartment_id_1)s]
[parameters: {'apartment_id_1': 1}]
(Background on this error at: https://sqlalche.me/e/20/e3q8)
2025-03-11 05:49:58,339 - ERROR - app - Error getting payments: (pymysql.err.OperationalError) (1054, "Unknown column 'payments.paymentDate' in 'field list'")
[SQL: SELECT payments.id AS payments_id, payments.apartment_id AS payments_apartment_id, payments.month AS payments_month, payments.status AS payments_status, payments.tenants AS payments_tenants, payments.internet AS payments_internet, payments.electricity AS payments_electricity, payments.other AS payments_other, payments.updated_at AS payments_updated_at, payments.`paymentDate` AS `payments_paymentDate`, payments.`paymentMethod` AS `payments_paymentMethod`, payments.`extraPayments` AS `payments_extraPayments`, payments.notes AS payments_notes, payments.year AS payments_year 
FROM payments 
WHERE payments.apartment_id = %(apartment_id_1)s]
[parameters: {'apartment_id_1': 1}]
(Background on this error at: https://sqlalche.me/e/20/e3q8)
2025-03-11 05:49:58,594 - ERROR - app - Error getting payments: (pymysql.err.OperationalError) (1054, "Unknown column 'payments.paymentDate' in 'field list'")
[SQL: SELECT payments.id AS payments_id, payments.apartment_id AS payments_apartment_id, payments.month AS payments_month, payments.status AS payments_status, payments.tenants AS payments_tenants, payments.internet AS payments_internet, payments.electricity AS payments_electricity, payments.other AS payments_other, payments.updated_at AS payments_updated_at, payments.`paymentDate` AS `payments_paymentDate`, payments.`paymentMethod` AS `payments_paymentMethod`, payments.`extraPayments` AS `payments_extraPayments`, payments.notes AS payments_notes, payments.year AS payments_year 
FROM payments 
WHERE payments.apartment_id = %(apartment_id_1)s]
[parameters: {'apartment_id_1': 1}]
(Background on this error at: https://sqlalche.me/e/20/e3q8)
2025-03-11 05:49:58,886 - ERROR - app - Error getting payments: (pymysql.err.OperationalError) (1054, "Unknown column 'payments.paymentDate' in 'field list'")
[SQL: SELECT payments.id AS payments_id, payments.apartment_id AS payments_apartment_id, payments.month AS payments_month, payments.status AS payments_status, payments.tenants AS payments_tenants, payments.internet AS payments_internet, payments.electricity AS payments_electricity, payments.other AS payments_other, payments.updated_at AS payments_updated_at, payments.`paymentDate` AS `payments_paymentDate`, payments.`paymentMethod` AS `payments_paymentMethod`, payments.`extraPayments` AS `payments_extraPayments`, payments.notes AS payments_notes, payments.year AS payments_year 
FROM payments 
WHERE payments.apartment_id = %(apartment_id_1)s]
[parameters: {'apartment_id_1': 1}]
(Background on this error at: https://sqlalche.me/e/20/e3q8)
2025-03-11 05:49:59,150 - ERROR - app - Error getting payments: (pymysql.err.OperationalError) (1054, "Unknown column 'payments.paymentDate' in 'field list'")
[SQL: SELECT payments.id AS payments_id, payments.apartment_id AS payments_apartment_id, payments.month AS payments_month, payments.status AS payments_status, payments.tenants AS payments_tenants, payments.internet AS payments_internet, payments.electricity AS payments_electricity, payments.other AS payments_other, payments.updated_at AS payments_updated_at, payments.`paymentDate` AS `payments_paymentDate`, payments.`paymentMethod` AS `payments_paymentMethod`, payments.`extraPayments` AS `payments_extraPayments`, payments.notes AS payments_notes, payments.year AS payments_year 
FROM payments 
WHERE payments.apartment_id = %(apartment_id_1)s]
[parameters: {'apartment_id_1': 1}]
(Background on this error at: https://sqlalche.me/e/20/e3q8)
2025-03-11 05:49:59,416 - ERROR - app - Error getting payments: (pymysql.err.OperationalError) (1054, "Unknown column 'payments.paymentDate' in 'field list'")
[SQL: SELECT payments.id AS payments_id, payments.apartment_id AS payments_apartment_id, payments.month AS payments_month, payments.status AS payments_status, payments.tenants AS payments_tenants, payments.internet AS payments_internet, payments.electricity AS payments_electricity, payments.other AS payments_other, payments.updated_at AS payments_updated_at, payments.`paymentDate` AS `payments_paymentDate`, payments.`paymentMethod` AS `payments_paymentMethod`, payments.`extraPayments` AS `payments_extraPayments`, payments.notes AS payments_notes, payments.year AS payments_year 
FROM payments 
WHERE payments.apartment_id = %(apartment_id_1)s]
[parameters: {'apartment_id_1': 1}]
(Background on this error at: https://sqlalche.me/e/20/e3q8)
2025-03-11 05:49:59,725 - ERROR - app - Error getting payments: (pymysql.err.OperationalError) (1054, "Unknown column 'payments.paymentDate' in 'field list'")
[SQL: SELECT payments.id AS payments_id, payments.apartment_id AS payments_apartment_id, payments.month AS payments_month, payments.status AS payments_status, payments.tenants AS payments_tenants, payments.internet AS payments_internet, payments.electricity AS payments_electricity, payments.other AS payments_other, payments.updated_at AS payments_updated_at, payments.`paymentDate` AS `payments_paymentDate`, payments.`paymentMethod` AS `payments_paymentMethod`, payments.`extraPayments` AS `payments_extraPayments`, payments.notes AS payments_notes, payments.year AS payments_year 
FROM payments 
WHERE payments.apartment_id = %(apartment_id_1)s]
[parameters: {'apartment_id_1': 1}]
(Background on this error at: https://sqlalche.me/e/20/e3q8)
2025-03-11 05:49:59,958 - ERROR - app - Error getting payments: (pymysql.err.OperationalError) (1054, "Unknown column 'payments.paymentDate' in 'field list'")
[SQL: SELECT payments.id AS payments_id, payments.apartment_id AS payments_apartment_id, payments.month AS payments_month, payments.status AS payments_status, payments.tenants AS payments_tenants, payments.internet AS payments_internet, payments.electricity AS payments_electricity, payments.other AS payments_other, payments.updated_at AS payments_updated_at, payments.`paymentDate` AS `payments_paymentDate`, payments.`paymentMethod` AS `payments_paymentMethod`, payments.`extraPayments` AS `payments_extraPayments`, payments.notes AS payments_notes, payments.year AS payments_year 
FROM payments 
WHERE payments.apartment_id = %(apartment_id_1)s]
[parameters: {'apartment_id_1': 1}]
(Background on this error at: https://sqlalche.me/e/20/e3q8)
2025-03-11 05:50:00,219 - ERROR - app - Error getting payments: (pymysql.err.OperationalError) (1054, "Unknown column 'payments.paymentDate' in 'field list'")
[SQL: SELECT payments.id AS payments_id, payments.apartment_id AS payments_apartment_id, payments.month AS payments_month, payments.status AS payments_status, payments.tenants AS payments_tenants, payments.internet AS payments_internet, payments.electricity AS payments_electricity, payments.other AS payments_other, payments.updated_at AS payments_updated_at, payments.`paymentDate` AS `payments_paymentDate`, payments.`paymentMethod` AS `payments_paymentMethod`, payments.`extraPayments` AS `payments_extraPayments`, payments.notes AS payments_notes, payments.year AS payments_year 
FROM payments 
WHERE payments.apartment_id = %(apartment_id_1)s]
[parameters: {'apartment_id_1': 1}]
(Background on this error at: https://sqlalche.me/e/20/e3q8)
2025-03-11 05:50:00,468 - ERROR - app - Error getting payments: (pymysql.err.OperationalError) (1054, "Unknown column 'payments.paymentDate' in 'field list'")
[SQL: SELECT payments.id AS payments_id, payments.apartment_id AS payments_apartment_id, payments.month AS payments_month, payments.status AS payments_status, payments.tenants AS payments_tenants, payments.internet AS payments_internet, payments.electricity AS payments_electricity, payments.other AS payments_other, payments.updated_at AS payments_updated_at, payments.`paymentDate` AS `payments_paymentDate`, payments.`paymentMethod` AS `payments_paymentMethod`, payments.`extraPayments` AS `payments_extraPayments`, payments.notes AS payments_notes, payments.year AS payments_year 
FROM payments 
WHERE payments.apartment_id = %(apartment_id_1)s]
[parameters: {'apartment_id_1': 1}]
(Background on this error at: https://sqlalche.me/e/20/e3q8)
2025-03-11 05:50:00,690 - ERROR - app - Error getting payments: (pymysql.err.OperationalError) (1054, "Unknown column 'payments.paymentDate' in 'field list'")
[SQL: SELECT payments.id AS payments_id, payments.apartment_id AS payments_apartment_id, payments.month AS payments_month, payments.status AS payments_status, payments.tenants AS payments_tenants, payments.internet AS payments_internet, payments.electricity AS payments_electricity, payments.other AS payments_other, payments.updated_at AS payments_updated_at, payments.`paymentDate` AS `payments_paymentDate`, payments.`paymentMethod` AS `payments_paymentMethod`, payments.`extraPayments` AS `payments_extraPayments`, payments.notes AS payments_notes, payments.year AS payments_year 
FROM payments 
WHERE payments.apartment_id = %(apartment_id_1)s]
[parameters: {'apartment_id_1': 1}]
(Background on this error at: https://sqlalche.me/e/20/e3q8)
2025-03-11 05:50:00,986 - ERROR - app - Error getting payments: (pymysql.err.OperationalError) (1054, "Unknown column 'payments.paymentDate' in 'field list'")
[SQL: SELECT payments.id AS payments_id, payments.apartment_id AS payments_apartment_id, payments.month AS payments_month, payments.status AS payments_status, payments.tenants AS payments_tenants, payments.internet AS payments_internet, payments.electricity AS payments_electricity, payments.other AS payments_other, payments.updated_at AS payments_updated_at, payments.`paymentDate` AS `payments_paymentDate`, payments.`paymentMethod` AS `payments_paymentMethod`, payments.`extraPayments` AS `payments_extraPayments`, payments.notes AS payments_notes, payments.year AS payments_year 
FROM payments 
WHERE payments.apartment_id = %(apartment_id_1)s]
[parameters: {'apartment_id_1': 1}]
(Background on this error at: https://sqlalche.me/e/20/e3q8)
2025-03-11 05:50:01,247 - ERROR - app - Error getting payments: (pymysql.err.OperationalError) (1054, "Unknown column 'payments.paymentDate' in 'field list'")
[SQL: SELECT payments.id AS payments_id, payments.apartment_id AS payments_apartment_id, payments.month AS payments_month, payments.status AS payments_status, payments.tenants AS payments_tenants, payments.internet AS payments_internet, payments.electricity AS payments_electricity, payments.other AS payments_other, payments.updated_at AS payments_updated_at, payments.`paymentDate` AS `payments_paymentDate`, payments.`paymentMethod` AS `payments_paymentMethod`, payments.`extraPayments` AS `payments_extraPayments`, payments.notes AS payments_notes, payments.year AS payments_year 
FROM payments 
WHERE payments.apartment_id = %(apartment_id_1)s]
[parameters: {'apartment_id_1': 1}]
(Background on this error at: https://sqlalche.me/e/20/e3q8)
2025-03-11 05:50:01,481 - ERROR - app - Error getting payments: (pymysql.err.OperationalError) (1054, "Unknown column 'payments.paymentDate' in 'field list'")
[SQL: SELECT payments.id AS payments_id, payments.apartment_id AS payments_apartment_id, payments.month AS payments_month, payments.status AS payments_status, payments.tenants AS payments_tenants, payments.internet AS payments_internet, payments.electricity AS payments_electricity, payments.other AS payments_other, payments.updated_at AS payments_updated_at, payments.`paymentDate` AS `payments_paymentDate`, payments.`paymentMethod` AS `payments_paymentMethod`, payments.`extraPayments` AS `payments_extraPayments`, payments.notes AS payments_notes, payments.year AS payments_year 
FROM payments 
WHERE payments.apartment_id = %(apartment_id_1)s]
[parameters: {'apartment_id_1': 1}]
(Background on this error at: https://sqlalche.me/e/20/e3q8)
2025-03-11 05:50:01,785 - ERROR - app - Error getting payments: (pymysql.err.OperationalError) (1054, "Unknown column 'payments.paymentDate' in 'field list'")
[SQL: SELECT payments.id AS payments_id, payments.apartment_id AS payments_apartment_id, payments.month AS payments_month, payments.status AS payments_status, payments.tenants AS payments_tenants, payments.internet AS payments_internet, payments.electricity AS payments_electricity, payments.other AS payments_other, payments.updated_at AS payments_updated_at, payments.`paymentDate` AS `payments_paymentDate`, payments.`paymentMethod` AS `payments_paymentMethod`, payments.`extraPayments` AS `payments_extraPayments`, payments.notes AS payments_notes, payments.year AS payments_year 
FROM payments 
WHERE payments.apartment_id = %(apartment_id_1)s]
[parameters: {'apartment_id_1': 1}]
(Background on this error at: https://sqlalche.me/e/20/e3q8)
2025-03-11 05:50:02,055 - ERROR - app - Error getting payments: (pymysql.err.OperationalError) (1054, "Unknown column 'payments.paymentDate' in 'field list'")
[SQL: SELECT payments.id AS payments_id, payments.apartment_id AS payments_apartment_id, payments.month AS payments_month, payments.status AS payments_status, payments.tenants AS payments_tenants, payments.internet AS payments_internet, payments.electricity AS payments_electricity, payments.other AS payments_other, payments.updated_at AS payments_updated_at, payments.`paymentDate` AS `payments_paymentDate`, payments.`paymentMethod` AS `payments_paymentMethod`, payments.`extraPayments` AS `payments_extraPayments`, payments.notes AS payments_notes, payments.year AS payments_year 
FROM payments 
WHERE payments.apartment_id = %(apartment_id_1)s]
[parameters: {'apartment_id_1': 1}]
(Background on this error at: https://sqlalche.me/e/20/e3q8)
2025-03-11 05:50:02,264 - ERROR - app - Error getting payments: (pymysql.err.OperationalError) (1054, "Unknown column 'payments.paymentDate' in 'field list'")
[SQL: SELECT payments.id AS payments_id, payments.apartment_id AS payments_apartment_id, payments.month AS payments_month, payments.status AS payments_status, payments.tenants AS payments_tenants, payments.internet AS payments_internet, payments.electricity AS payments_electricity, payments.other AS payments_other, payments.updated_at AS payments_updated_at, payments.`paymentDate` AS `payments_paymentDate`, payments.`paymentMethod` AS `payments_paymentMethod`, payments.`extraPayments` AS `payments_extraPayments`, payments.notes AS payments_notes, payments.year AS payments_year 
FROM payments 
WHERE payments.apartment_id = %(apartment_id_1)s]
[parameters: {'apartment_id_1': 1}]
(Background on this error at: https://sqlalche.me/e/20/e3q8)
2025-03-11 05:50:02,521 - ERROR - app - Error getting payments: (pymysql.err.OperationalError) (1054, "Unknown column 'payments.paymentDate' in 'field list'")
[SQL: SELECT payments.id AS payments_id, payments.apartment_id AS payments_apartment_id, payments.month AS payments_month, payments.status AS payments_status, payments.tenants AS payments_tenants, payments.internet AS payments_internet, payments.electricity AS payments_electricity, payments.other AS payments_other, payments.updated_at AS payments_updated_at, payments.`paymentDate` AS `payments_paymentDate`, payments.`paymentMethod` AS `payments_paymentMethod`, payments.`extraPayments` AS `payments_extraPayments`, payments.notes AS payments_notes, payments.year AS payments_year 
FROM payments 
WHERE payments.apartment_id = %(apartment_id_1)s]
[parameters: {'apartment_id_1': 1}]
(Background on this error at: https://sqlalche.me/e/20/e3q8)
2025-03-11 05:50:02,726 - ERROR - app - Error getting payments: (pymysql.err.OperationalError) (1054, "Unknown column 'payments.paymentDate' in 'field list'")
[SQL: SELECT payments.id AS payments_id, payments.apartment_id AS payments_apartment_id, payments.month AS payments_month, payments.status AS payments_status, payments.tenants AS payments_tenants, payments.internet AS payments_internet, payments.electricity AS payments_electricity, payments.other AS payments_other, payments.updated_at AS payments_updated_at, payments.`paymentDate` AS `payments_paymentDate`, payments.`paymentMethod` AS `payments_paymentMethod`, payments.`extraPayments` AS `payments_extraPayments`, payments.notes AS payments_notes, payments.year AS payments_year 
FROM payments 
WHERE payments.apartment_id = %(apartment_id_1)s]
[parameters: {'apartment_id_1': 1}]
(Background on this error at: https://sqlalche.me/e/20/e3q8)
2025-03-11 05:50:02,975 - ERROR - app - Error getting payments: (pymysql.err.OperationalError) (1054, "Unknown column 'payments.paymentDate' in 'field list'")
[SQL: SELECT payments.id AS payments_id, payments.apartment_id AS payments_apartment_id, payments.month AS payments_month, payments.status AS payments_status, payments.tenants AS payments_tenants, payments.internet AS payments_internet, payments.electricity AS payments_electricity, payments.other AS payments_other, payments.updated_at AS payments_updated_at, payments.`paymentDate` AS `payments_paymentDate`, payments.`paymentMethod` AS `payments_paymentMethod`, payments.`extraPayments` AS `payments_extraPayments`, payments.notes AS payments_notes, payments.year AS payments_year 
FROM payments 
WHERE payments.apartment_id = %(apartment_id_1)s]
[parameters: {'apartment_id_1': 1}]
(Background on this error at: https://sqlalche.me/e/20/e3q8)
2025-03-11 05:50:03,178 - ERROR - app - Error getting payments: (pymysql.err.OperationalError) (1054, "Unknown column 'payments.paymentDate' in 'field list'")
[SQL: SELECT payments.id AS payments_id, payments.apartment_id AS payments_apartment_id, payments.month AS payments_month, payments.status AS payments_status, payments.tenants AS payments_tenants, payments.internet AS payments_internet, payments.electricity AS payments_electricity, payments.other AS payments_other, payments.updated_at AS payments_updated_at, payments.`paymentDate` AS `payments_paymentDate`, payments.`paymentMethod` AS `payments_paymentMethod`, payments.`extraPayments` AS `payments_extraPayments`, payments.notes AS payments_notes, payments.year AS payments_year 
FROM payments 
WHERE payments.apartment_id = %(apartment_id_1)s]
[parameters: {'apartment_id_1': 1}]
(Background on this error at: https://sqlalche.me/e/20/e3q8)
2025-03-11 05:50:03,416 - ERROR - app - Error getting payments: (pymysql.err.OperationalError) (1054, "Unknown column 'payments.paymentDate' in 'field list'")
[SQL: SELECT payments.id AS payments_id, payments.apartment_id AS payments_apartment_id, payments.month AS payments_month, payments.status AS payments_status, payments.tenants AS payments_tenants, payments.internet AS payments_internet, payments.electricity AS payments_electricity, payments.other AS payments_other, payments.updated_at AS payments_updated_at, payments.`paymentDate` AS `payments_paymentDate`, payments.`paymentMethod` AS `payments_paymentMethod`, payments.`extraPayments` AS `payments_extraPayments`, payments.notes AS payments_notes, payments.year AS payments_year 
FROM payments 
WHERE payments.apartment_id = %(apartment_id_1)s]
[parameters: {'apartment_id_1': 1}]
(Background on this error at: https://sqlalche.me/e/20/e3q8)
2025-03-11 05:50:03,617 - ERROR - app - Error getting payments: (pymysql.err.OperationalError) (1054, "Unknown column 'payments.paymentDate' in 'field list'")
[SQL: SELECT payments.id AS payments_id, payments.apartment_id AS payments_apartment_id, payments.month AS payments_month, payments.status AS payments_status, payments.tenants AS payments_tenants, payments.internet AS payments_internet, payments.electricity AS payments_electricity, payments.other AS payments_other, payments.updated_at AS payments_updated_at, payments.`paymentDate` AS `payments_paymentDate`, payments.`paymentMethod` AS `payments_paymentMethod`, payments.`extraPayments` AS `payments_extraPayments`, payments.notes AS payments_notes, payments.year AS payments_year 
FROM payments 
WHERE payments.apartment_id = %(apartment_id_1)s]
[parameters: {'apartment_id_1': 1}]
(Background on this error at: https://sqlalche.me/e/20/e3q8)
2025-03-11 05:50:03,861 - ERROR - app - Error getting payments: (pymysql.err.OperationalError) (1054, "Unknown column 'payments.paymentDate' in 'field list'")
[SQL: SELECT payments.id AS payments_id, payments.apartment_id AS payments_apartment_id, payments.month AS payments_month, payments.status AS payments_status, payments.tenants AS payments_tenants, payments.internet AS payments_internet, payments.electricity AS payments_electricity, payments.other AS payments_other, payments.updated_at AS payments_updated_at, payments.`paymentDate` AS `payments_paymentDate`, payments.`paymentMethod` AS `payments_paymentMethod`, payments.`extraPayments` AS `payments_extraPayments`, payments.notes AS payments_notes, payments.year AS payments_year 
FROM payments 
WHERE payments.apartment_id = %(apartment_id_1)s]
[parameters: {'apartment_id_1': 1}]
(Background on this error at: https://sqlalche.me/e/20/e3q8)
2025-03-11 05:50:04,069 - ERROR - app - Error getting payments: (pymysql.err.OperationalError) (1054, "Unknown column 'payments.paymentDate' in 'field list'")
[SQL: SELECT payments.id AS payments_id, payments.apartment_id AS payments_apartment_id, payments.month AS payments_month, payments.status AS payments_status, payments.tenants AS payments_tenants, payments.internet AS payments_internet, payments.electricity AS payments_electricity, payments.other AS payments_other, payments.updated_at AS payments_updated_at, payments.`paymentDate` AS `payments_paymentDate`, payments.`paymentMethod` AS `payments_paymentMethod`, payments.`extraPayments` AS `payments_extraPayments`, payments.notes AS payments_notes, payments.year AS payments_year 
FROM payments 
WHERE payments.apartment_id = %(apartment_id_1)s]
[parameters: {'apartment_id_1': 1}]
(Background on this error at: https://sqlalche.me/e/20/e3q8)
2025-03-11 05:50:04,327 - ERROR - app - Error getting payments: (pymysql.err.OperationalError) (1054, "Unknown column 'payments.paymentDate' in 'field list'")
[SQL: SELECT payments.id AS payments_id, payments.apartment_id AS payments_apartment_id, payments.month AS payments_month, payments.status AS payments_status, payments.tenants AS payments_tenants, payments.internet AS payments_internet, payments.electricity AS payments_electricity, payments.other AS payments_other, payments.updated_at AS payments_updated_at, payments.`paymentDate` AS `payments_paymentDate`, payments.`paymentMethod` AS `payments_paymentMethod`, payments.`extraPayments` AS `payments_extraPayments`, payments.notes AS payments_notes, payments.year AS payments_year 
FROM payments 
WHERE payments.apartment_id = %(apartment_id_1)s]
[parameters: {'apartment_id_1': 1}]
(Background on this error at: https://sqlalche.me/e/20/e3q8)
2025-03-11 05:50:04,533 - ERROR - app - Error getting payments: (pymysql.err.OperationalError) (1054, "Unknown column 'payments.paymentDate' in 'field list'")
[SQL: SELECT payments.id AS payments_id, payments.apartment_id AS payments_apartment_id, payments.month AS payments_month, payments.status AS payments_status, payments.tenants AS payments_tenants, payments.internet AS payments_internet, payments.electricity AS payments_electricity, payments.other AS payments_other, payments.updated_at AS payments_updated_at, payments.`paymentDate` AS `payments_paymentDate`, payments.`paymentMethod` AS `payments_paymentMethod`, payments.`extraPayments` AS `payments_extraPayments`, payments.notes AS payments_notes, payments.year AS payments_year 
FROM payments 
WHERE payments.apartment_id = %(apartment_id_1)s]
[parameters: {'apartment_id_1': 1}]
(Background on this error at: https://sqlalche.me/e/20/e3q8)
2025-03-11 05:50:04,781 - ERROR - app - Error getting payments: (pymysql.err.OperationalError) (1054, "Unknown column 'payments.paymentDate' in 'field list'")
[SQL: SELECT payments.id AS payments_id, payments.apartment_id AS payments_apartment_id, payments.month AS payments_month, payments.status AS payments_status, payments.tenants AS payments_tenants, payments.internet AS payments_internet, payments.electricity AS payments_electricity, payments.other AS payments_other, payments.updated_at AS payments_updated_at, payments.`paymentDate` AS `payments_paymentDate`, payments.`paymentMethod` AS `payments_paymentMethod`, payments.`extraPayments` AS `payments_extraPayments`, payments.notes AS payments_notes, payments.year AS payments_year 
FROM payments 
WHERE payments.apartment_id = %(apartment_id_1)s]
[parameters: {'apartment_id_1': 1}]
(Background on this error at: https://sqlalche.me/e/20/e3q8)
2025-03-11 05:50:04,983 - ERROR - app - Error getting payments: (pymysql.err.OperationalError) (1054, "Unknown column 'payments.paymentDate' in 'field list'")
[SQL: SELECT payments.id AS payments_id, payments.apartment_id AS payments_apartment_id, payments.month AS payments_month, payments.status AS payments_status, payments.tenants AS payments_tenants, payments.internet AS payments_internet, payments.electricity AS payments_electricity, payments.other AS payments_other, payments.updated_at AS payments_updated_at, payments.`paymentDate` AS `payments_paymentDate`, payments.`paymentMethod` AS `payments_paymentMethod`, payments.`extraPayments` AS `payments_extraPayments`, payments.notes AS payments_notes, payments.year AS payments_year 
FROM payments 
WHERE payments.apartment_id = %(apartment_id_1)s]
[parameters: {'apartment_id_1': 1}]
(Background on this error at: https://sqlalche.me/e/20/e3q8)
2025-03-11 05:50:05,226 - ERROR - app - Error getting payments: (pymysql.err.OperationalError) (1054, "Unknown column 'payments.paymentDate' in 'field list'")
[SQL: SELECT payments.id AS payments_id, payments.apartment_id AS payments_apartment_id, payments.month AS payments_month, payments.status AS payments_status, payments.tenants AS payments_tenants, payments.internet AS payments_internet, payments.electricity AS payments_electricity, payments.other AS payments_other, payments.updated_at AS payments_updated_at, payments.`paymentDate` AS `payments_paymentDate`, payments.`paymentMethod` AS `payments_paymentMethod`, payments.`extraPayments` AS `payments_extraPayments`, payments.notes AS payments_notes, payments.year AS payments_year 
FROM payments 
WHERE payments.apartment_id = %(apartment_id_1)s]
[parameters: {'apartment_id_1': 1}]
(Background on this error at: https://sqlalche.me/e/20/e3q8)
2025-03-11 05:50:05,430 - ERROR - app - Error getting payments: (pymysql.err.OperationalError) (1054, "Unknown column 'payments.paymentDate' in 'field list'")
[SQL: SELECT payments.id AS payments_id, payments.apartment_id AS payments_apartment_id, payments.month AS payments_month, payments.status AS payments_status, payments.tenants AS payments_tenants, payments.internet AS payments_internet, payments.electricity AS payments_electricity, payments.other AS payments_other, payments.updated_at AS payments_updated_at, payments.`paymentDate` AS `payments_paymentDate`, payments.`paymentMethod` AS `payments_paymentMethod`, payments.`extraPayments` AS `payments_extraPayments`, payments.notes AS payments_notes, payments.year AS payments_year 
FROM payments 
WHERE payments.apartment_id = %(apartment_id_1)s]
[parameters: {'apartment_id_1': 1}]
(Background on this error at: https://sqlalche.me/e/20/e3q8)
2025-03-11 05:50:05,689 - ERROR - app - Error getting payments: (pymysql.err.OperationalError) (1054, "Unknown column 'payments.paymentDate' in 'field list'")
[SQL: SELECT payments.id AS payments_id, payments.apartment_id AS payments_apartment_id, payments.month AS payments_month, payments.status AS payments_status, payments.tenants AS payments_tenants, payments.internet AS payments_internet, payments.electricity AS payments_electricity, payments.other AS payments_other, payments.updated_at AS payments_updated_at, payments.`paymentDate` AS `payments_paymentDate`, payments.`paymentMethod` AS `payments_paymentMethod`, payments.`extraPayments` AS `payments_extraPayments`, payments.notes AS payments_notes, payments.year AS payments_year 
FROM payments 
WHERE payments.apartment_id = %(apartment_id_1)s]
[parameters: {'apartment_id_1': 1}]
(Background on this error at: https://sqlalche.me/e/20/e3q8)
2025-03-11 05:50:05,905 - ERROR - app - Error getting payments: (pymysql.err.OperationalError) (1054, "Unknown column 'payments.paymentDate' in 'field list'")
[SQL: SELECT payments.id AS payments_id, payments.apartment_id AS payments_apartment_id, payments.month AS payments_month, payments.status AS payments_status, payments.tenants AS payments_tenants, payments.internet AS payments_internet, payments.electricity AS payments_electricity, payments.other AS payments_other, payments.updated_at AS payments_updated_at, payments.`paymentDate` AS `payments_paymentDate`, payments.`paymentMethod` AS `payments_paymentMethod`, payments.`extraPayments` AS `payments_extraPayments`, payments.notes AS payments_notes, payments.year AS payments_year 
FROM payments 
WHERE payments.apartment_id = %(apartment_id_1)s]
[parameters: {'apartment_id_1': 1}]
(Background on this error at: https://sqlalche.me/e/20/e3q8)
2025-03-11 05:50:06,160 - ERROR - app - Error getting payments: (pymysql.err.OperationalError) (1054, "Unknown column 'payments.paymentDate' in 'field list'")
[SQL: SELECT payments.id AS payments_id, payments.apartment_id AS payments_apartment_id, payments.month AS payments_month, payments.status AS payments_status, payments.tenants AS payments_tenants, payments.internet AS payments_internet, payments.electricity AS payments_electricity, payments.other AS payments_other, payments.updated_at AS payments_updated_at, payments.`paymentDate` AS `payments_paymentDate`, payments.`paymentMethod` AS `payments_paymentMethod`, payments.`extraPayments` AS `payments_extraPayments`, payments.notes AS payments_notes, payments.year AS payments_year 
FROM payments 
WHERE payments.apartment_id = %(apartment_id_1)s]
[parameters: {'apartment_id_1': 1}]
(Background on this error at: https://sqlalche.me/e/20/e3q8)
2025-03-11 05:50:06,407 - ERROR - app - Error getting payments: (pymysql.err.OperationalError) (1054, "Unknown column 'payments.paymentDate' in 'field list'")
[SQL: SELECT payments.id AS payments_id, payments.apartment_id AS payments_apartment_id, payments.month AS payments_month, payments.status AS payments_status, payments.tenants AS payments_tenants, payments.internet AS payments_internet, payments.electricity AS payments_electricity, payments.other AS payments_other, payments.updated_at AS payments_updated_at, payments.`paymentDate` AS `payments_paymentDate`, payments.`paymentMethod` AS `payments_paymentMethod`, payments.`extraPayments` AS `payments_extraPayments`, payments.notes AS payments_notes, payments.year AS payments_year 
FROM payments 
WHERE payments.apartment_id = %(apartment_id_1)s]
[parameters: {'apartment_id_1': 1}]
(Background on this error at: https://sqlalche.me/e/20/e3q8)
2025-03-11 05:50:06,623 - ERROR - app - Error getting payments: (pymysql.err.OperationalError) (1054, "Unknown column 'payments.paymentDate' in 'field list'")
[SQL: SELECT payments.id AS payments_id, payments.apartment_id AS payments_apartment_id, payments.month AS payments_month, payments.status AS payments_status, payments.tenants AS payments_tenants, payments.internet AS payments_internet, payments.electricity AS payments_electricity, payments.other AS payments_other, payments.updated_at AS payments_updated_at, payments.`paymentDate` AS `payments_paymentDate`, payments.`paymentMethod` AS `payments_paymentMethod`, payments.`extraPayments` AS `payments_extraPayments`, payments.notes AS payments_notes, payments.year AS payments_year 
FROM payments 
WHERE payments.apartment_id = %(apartment_id_1)s]
[parameters: {'apartment_id_1': 1}]
(Background on this error at: https://sqlalche.me/e/20/e3q8)
2025-03-11 05:50:06,839 - ERROR - app - Error getting payments: (pymysql.err.OperationalError) (1054, "Unknown column 'payments.paymentDate' in 'field list'")
[SQL: SELECT payments.id AS payments_id, payments.apartment_id AS payments_apartment_id, payments.month AS payments_month, payments.status AS payments_status, payments.tenants AS payments_tenants, payments.internet AS payments_internet, payments.electricity AS payments_electricity, payments.other AS payments_other, payments.updated_at AS payments_updated_at, payments.`paymentDate` AS `payments_paymentDate`, payments.`paymentMethod` AS `payments_paymentMethod`, payments.`extraPayments` AS `payments_extraPayments`, payments.notes AS payments_notes, payments.year AS payments_year 
FROM payments 
WHERE payments.apartment_id = %(apartment_id_1)s]
[parameters: {'apartment_id_1': 1}]
(Background on this error at: https://sqlalche.me/e/20/e3q8)
2025-03-11 05:50:07,055 - ERROR - app - Error getting payments: (pymysql.err.OperationalError) (1054, "Unknown column 'payments.paymentDate' in 'field list'")
[SQL: SELECT payments.id AS payments_id, payments.apartment_id AS payments_apartment_id, payments.month AS payments_month, payments.status AS payments_status, payments.tenants AS payments_tenants, payments.internet AS payments_internet, payments.electricity AS payments_electricity, payments.other AS payments_other, payments.updated_at AS payments_updated_at, payments.`paymentDate` AS `payments_paymentDate`, payments.`paymentMethod` AS `payments_paymentMethod`, payments.`extraPayments` AS `payments_extraPayments`, payments.notes AS payments_notes, payments.year AS payments_year 
FROM payments 
WHERE payments.apartment_id = %(apartment_id_1)s]
[parameters: {'apartment_id_1': 1}]
(Background on this error at: https://sqlalche.me/e/20/e3q8)
2025-03-11 05:50:07,262 - ERROR - app - Error getting payments: (pymysql.err.OperationalError) (1054, "Unknown column 'payments.paymentDate' in 'field list'")
[SQL: SELECT payments.id AS payments_id, payments.apartment_id AS payments_apartment_id, payments.month AS payments_month, payments.status AS payments_status, payments.tenants AS payments_tenants, payments.internet AS payments_internet, payments.electricity AS payments_electricity, payments.other AS payments_other, payments.updated_at AS payments_updated_at, payments.`paymentDate` AS `payments_paymentDate`, payments.`paymentMethod` AS `payments_paymentMethod`, payments.`extraPayments` AS `payments_extraPayments`, payments.notes AS payments_notes, payments.year AS payments_year 
FROM payments 
WHERE payments.apartment_id = %(apartment_id_1)s]
[parameters: {'apartment_id_1': 1}]
(Background on this error at: https://sqlalche.me/e/20/e3q8)
2025-03-11 05:50:07,469 - ERROR - app - Error getting payments: (pymysql.err.OperationalError) (1054, "Unknown column 'payments.paymentDate' in 'field list'")
[SQL: SELECT payments.id AS payments_id, payments.apartment_id AS payments_apartment_id, payments.month AS payments_month, payments.status AS payments_status, payments.tenants AS payments_tenants, payments.internet AS payments_internet, payments.electricity AS payments_electricity, payments.other AS payments_other, payments.updated_at AS payments_updated_at, payments.`paymentDate` AS `payments_paymentDate`, payments.`paymentMethod` AS `payments_paymentMethod`, payments.`extraPayments` AS `payments_extraPayments`, payments.notes AS payments_notes, payments.year AS payments_year 
FROM payments 
WHERE payments.apartment_id = %(apartment_id_1)s]
[parameters: {'apartment_id_1': 1}]
(Background on this error at: https://sqlalche.me/e/20/e3q8)
2025-03-11 05:50:07,688 - ERROR - app - Error getting payments: (pymysql.err.OperationalError) (1054, "Unknown column 'payments.paymentDate' in 'field list'")
[SQL: SELECT payments.id AS payments_id, payments.apartment_id AS payments_apartment_id, payments.month AS payments_month, payments.status AS payments_status, payments.tenants AS payments_tenants, payments.internet AS payments_internet, payments.electricity AS payments_electricity, payments.other AS payments_other, payments.updated_at AS payments_updated_at, payments.`paymentDate` AS `payments_paymentDate`, payments.`paymentMethod` AS `payments_paymentMethod`, payments.`extraPayments` AS `payments_extraPayments`, payments.notes AS payments_notes, payments.year AS payments_year 
FROM payments 
WHERE payments.apartment_id = %(apartment_id_1)s]
[parameters: {'apartment_id_1': 1}]
(Background on this error at: https://sqlalche.me/e/20/e3q8)
2025-03-11 05:50:07,899 - ERROR - app - Error getting payments: (pymysql.err.OperationalError) (1054, "Unknown column 'payments.paymentDate' in 'field list'")
[SQL: SELECT payments.id AS payments_id, payments.apartment_id AS payments_apartment_id, payments.month AS payments_month, payments.status AS payments_status, payments.tenants AS payments_tenants, payments.internet AS payments_internet, payments.electricity AS payments_electricity, payments.other AS payments_other, payments.updated_at AS payments_updated_at, payments.`paymentDate` AS `payments_paymentDate`, payments.`paymentMethod` AS `payments_paymentMethod`, payments.`extraPayments` AS `payments_extraPayments`, payments.notes AS payments_notes, payments.year AS payments_year 
FROM payments 
WHERE payments.apartment_id = %(apartment_id_1)s]
[parameters: {'apartment_id_1': 1}]
(Background on this error at: https://sqlalche.me/e/20/e3q8)
2025-03-11 05:50:08,109 - ERROR - app - Error getting payments: (pymysql.err.OperationalError) (1054, "Unknown column 'payments.paymentDate' in 'field list'")
[SQL: SELECT payments.id AS payments_id, payments.apartment_id AS payments_apartment_id, payments.month AS payments_month, payments.status AS payments_status, payments.tenants AS payments_tenants, payments.internet AS payments_internet, payments.electricity AS payments_electricity, payments.other AS payments_other, payments.updated_at AS payments_updated_at, payments.`paymentDate` AS `payments_paymentDate`, payments.`paymentMethod` AS `payments_paymentMethod`, payments.`extraPayments` AS `payments_extraPayments`, payments.notes AS payments_notes, payments.year AS payments_year 
FROM payments 
WHERE payments.apartment_id = %(apartment_id_1)s]
[parameters: {'apartment_id_1': 1}]
(Background on this error at: https://sqlalche.me/e/20/e3q8)
2025-03-11 05:50:08,340 - ERROR - app - Error getting payments: (pymysql.err.OperationalError) (1054, "Unknown column 'payments.paymentDate' in 'field list'")
[SQL: SELECT payments.id AS payments_id, payments.apartment_id AS payments_apartment_id, payments.month AS payments_month, payments.status AS payments_status, payments.tenants AS payments_tenants, payments.internet AS payments_internet, payments.electricity AS payments_electricity, payments.other AS payments_other, payments.updated_at AS payments_updated_at, payments.`paymentDate` AS `payments_paymentDate`, payments.`paymentMethod` AS `payments_paymentMethod`, payments.`extraPayments` AS `payments_extraPayments`, payments.notes AS payments_notes, payments.year AS payments_year 
FROM payments 
WHERE payments.apartment_id = %(apartment_id_1)s]
[parameters: {'apartment_id_1': 1}]
(Background on this error at: https://sqlalche.me/e/20/e3q8)
2025-03-11 05:50:08,569 - ERROR - app - Error getting payments: (pymysql.err.OperationalError) (1054, "Unknown column 'payments.paymentDate' in 'field list'")
[SQL: SELECT payments.id AS payments_id, payments.apartment_id AS payments_apartment_id, payments.month AS payments_month, payments.status AS payments_status, payments.tenants AS payments_tenants, payments.internet AS payments_internet, payments.electricity AS payments_electricity, payments.other AS payments_other, payments.updated_at AS payments_updated_at, payments.`paymentDate` AS `payments_paymentDate`, payments.`paymentMethod` AS `payments_paymentMethod`, payments.`extraPayments` AS `payments_extraPayments`, payments.notes AS payments_notes, payments.year AS payments_year 
FROM payments 
WHERE payments.apartment_id = %(apartment_id_1)s]
[parameters: {'apartment_id_1': 1}]
(Background on this error at: https://sqlalche.me/e/20/e3q8)
2025-03-11 05:50:08,791 - ERROR - app - Error getting payments: (pymysql.err.OperationalError) (1054, "Unknown column 'payments.paymentDate' in 'field list'")
[SQL: SELECT payments.id AS payments_id, payments.apartment_id AS payments_apartment_id, payments.month AS payments_month, payments.status AS payments_status, payments.tenants AS payments_tenants, payments.internet AS payments_internet, payments.electricity AS payments_electricity, payments.other AS payments_other, payments.updated_at AS payments_updated_at, payments.`paymentDate` AS `payments_paymentDate`, payments.`paymentMethod` AS `payments_paymentMethod`, payments.`extraPayments` AS `payments_extraPayments`, payments.notes AS payments_notes, payments.year AS payments_year 
FROM payments 
WHERE payments.apartment_id = %(apartment_id_1)s]
[parameters: {'apartment_id_1': 1}]
(Background on this error at: https://sqlalche.me/e/20/e3q8)
2025-03-11 05:50:08,797 - ERROR - app - Error getting payments: (pymysql.err.OperationalError) (1054, "Unknown column 'payments.paymentDate' in 'field list'")
[SQL: SELECT payments.id AS payments_id, payments.apartment_id AS payments_apartment_id, payments.month AS payments_month, payments.status AS payments_status, payments.tenants AS payments_tenants, payments.internet AS payments_internet, payments.electricity AS payments_electricity, payments.other AS payments_other, payments.updated_at AS payments_updated_at, payments.`paymentDate` AS `payments_paymentDate`, payments.`paymentMethod` AS `payments_paymentMethod`, payments.`extraPayments` AS `payments_extraPayments`, payments.notes AS payments_notes, payments.year AS payments_year 
FROM payments 
WHERE payments.apartment_id = %(apartment_id_1)s]
[parameters: {'apartment_id_1': 1}]
(Background on this error at: https://sqlalche.me/e/20/e3q8)
2025-03-11 05:50:09,001 - ERROR - app - Error getting payments: (pymysql.err.OperationalError) (1054, "Unknown column 'payments.paymentDate' in 'field list'")
[SQL: SELECT payments.id AS payments_id, payments.apartment_id AS payments_apartment_id, payments.month AS payments_month, payments.status AS payments_status, payments.tenants AS payments_tenants, payments.internet AS payments_internet, payments.electricity AS payments_electricity, payments.other AS payments_other, payments.updated_at AS payments_updated_at, payments.`paymentDate` AS `payments_paymentDate`, payments.`paymentMethod` AS `payments_paymentMethod`, payments.`extraPayments` AS `payments_extraPayments`, payments.notes AS payments_notes, payments.year AS payments_year 
FROM payments 
WHERE payments.apartment_id = %(apartment_id_1)s]
[parameters: {'apartment_id_1': 1}]
(Background on this error at: https://sqlalche.me/e/20/e3q8)
2025-03-11 05:50:09,256 - ERROR - app - Error getting payments: (pymysql.err.OperationalError) (1054, "Unknown column 'payments.paymentDate' in 'field list'")
[SQL: SELECT payments.id AS payments_id, payments.apartment_id AS payments_apartment_id, payments.month AS payments_month, payments.status AS payments_status, payments.tenants AS payments_tenants, payments.internet AS payments_internet, payments.electricity AS payments_electricity, payments.other AS payments_other, payments.updated_at AS payments_updated_at, payments.`paymentDate` AS `payments_paymentDate`, payments.`paymentMethod` AS `payments_paymentMethod`, payments.`extraPayments` AS `payments_extraPayments`, payments.notes AS payments_notes, payments.year AS payments_year 
FROM payments 
WHERE payments.apartment_id = %(apartment_id_1)s]
[parameters: {'apartment_id_1': 1}]
(Background on this error at: https://sqlalche.me/e/20/e3q8)
2025-03-11 05:50:09,484 - ERROR - app - Error getting payments: (pymysql.err.OperationalError) (1054, "Unknown column 'payments.paymentDate' in 'field list'")
[SQL: SELECT payments.id AS payments_id, payments.apartment_id AS payments_apartment_id, payments.month AS payments_month, payments.status AS payments_status, payments.tenants AS payments_tenants, payments.internet AS payments_internet, payments.electricity AS payments_electricity, payments.other AS payments_other, payments.updated_at AS payments_updated_at, payments.`paymentDate` AS `payments_paymentDate`, payments.`paymentMethod` AS `payments_paymentMethod`, payments.`extraPayments` AS `payments_extraPayments`, payments.notes AS payments_notes, payments.year AS payments_year 
FROM payments 
WHERE payments.apartment_id = %(apartment_id_1)s]
[parameters: {'apartment_id_1': 1}]
(Background on this error at: https://sqlalche.me/e/20/e3q8)
2025-03-11 05:50:09,702 - ERROR - app - Error getting payments: (pymysql.err.OperationalError) (1054, "Unknown column 'payments.paymentDate' in 'field list'")
[SQL: SELECT payments.id AS payments_id, payments.apartment_id AS payments_apartment_id, payments.month AS payments_month, payments.status AS payments_status, payments.tenants AS payments_tenants, payments.internet AS payments_internet, payments.electricity AS payments_electricity, payments.other AS payments_other, payments.updated_at AS payments_updated_at, payments.`paymentDate` AS `payments_paymentDate`, payments.`paymentMethod` AS `payments_paymentMethod`, payments.`extraPayments` AS `payments_extraPayments`, payments.notes AS payments_notes, payments.year AS payments_year 
FROM payments 
WHERE payments.apartment_id = %(apartment_id_1)s]
[parameters: {'apartment_id_1': 1}]
(Background on this error at: https://sqlalche.me/e/20/e3q8)
2025-03-11 05:50:09,940 - ERROR - app - Error getting payments: (pymysql.err.OperationalError) (1054, "Unknown column 'payments.paymentDate' in 'field list'")
[SQL: SELECT payments.id AS payments_id, payments.apartment_id AS payments_apartment_id, payments.month AS payments_month, payments.status AS payments_status, payments.tenants AS payments_tenants, payments.internet AS payments_internet, payments.electricity AS payments_electricity, payments.other AS payments_other, payments.updated_at AS payments_updated_at, payments.`paymentDate` AS `payments_paymentDate`, payments.`paymentMethod` AS `payments_paymentMethod`, payments.`extraPayments` AS `payments_extraPayments`, payments.notes AS payments_notes, payments.year AS payments_year 
FROM payments 
WHERE payments.apartment_id = %(apartment_id_1)s]
[parameters: {'apartment_id_1': 1}]
(Background on this error at: https://sqlalche.me/e/20/e3q8)
2025-03-11 05:50:10,182 - ERROR - app - Error getting payments: (pymysql.err.OperationalError) (1054, "Unknown column 'payments.paymentDate' in 'field list'")
[SQL: SELECT payments.id AS payments_id, payments.apartment_id AS payments_apartment_id, payments.month AS payments_month, payments.status AS payments_status, payments.tenants AS payments_tenants, payments.internet AS payments_internet, payments.electricity AS payments_electricity, payments.other AS payments_other, payments.updated_at AS payments_updated_at, payments.`paymentDate` AS `payments_paymentDate`, payments.`paymentMethod` AS `payments_paymentMethod`, payments.`extraPayments` AS `payments_extraPayments`, payments.notes AS payments_notes, payments.year AS payments_year 
FROM payments 
WHERE payments.apartment_id = %(apartment_id_1)s]
[parameters: {'apartment_id_1': 1}]
(Background on this error at: https://sqlalche.me/e/20/e3q8)
2025-03-11 05:50:10,396 - ERROR - app - Error getting payments: (pymysql.err.OperationalError) (1054, "Unknown column 'payments.paymentDate' in 'field list'")
[SQL: SELECT payments.id AS payments_id, payments.apartment_id AS payments_apartment_id, payments.month AS payments_month, payments.status AS payments_status, payments.tenants AS payments_tenants, payments.internet AS payments_internet, payments.electricity AS payments_electricity, payments.other AS payments_other, payments.updated_at AS payments_updated_at, payments.`paymentDate` AS `payments_paymentDate`, payments.`paymentMethod` AS `payments_paymentMethod`, payments.`extraPayments` AS `payments_extraPayments`, payments.notes AS payments_notes, payments.year AS payments_year 
FROM payments 
WHERE payments.apartment_id = %(apartment_id_1)s]
[parameters: {'apartment_id_1': 1}]
(Background on this error at: https://sqlalche.me/e/20/e3q8)
2025-03-11 05:50:10,401 - ERROR - app - Error getting payments: (pymysql.err.OperationalError) (1054, "Unknown column 'payments.paymentDate' in 'field list'")
[SQL: SELECT payments.id AS payments_id, payments.apartment_id AS payments_apartment_id, payments.month AS payments_month, payments.status AS payments_status, payments.tenants AS payments_tenants, payments.internet AS payments_internet, payments.electricity AS payments_electricity, payments.other AS payments_other, payments.updated_at AS payments_updated_at, payments.`paymentDate` AS `payments_paymentDate`, payments.`paymentMethod` AS `payments_paymentMethod`, payments.`extraPayments` AS `payments_extraPayments`, payments.notes AS payments_notes, payments.year AS payments_year 
FROM payments 
WHERE payments.apartment_id = %(apartment_id_1)s]
[parameters: {'apartment_id_1': 1}]
(Background on this error at: https://sqlalche.me/e/20/e3q8)
2025-03-11 05:50:10,611 - ERROR - app - Error getting payments: (pymysql.err.OperationalError) (1054, "Unknown column 'payments.paymentDate' in 'field list'")
[SQL: SELECT payments.id AS payments_id, payments.apartment_id AS payments_apartment_id, payments.month AS payments_month, payments.status AS payments_status, payments.tenants AS payments_tenants, payments.internet AS payments_internet, payments.electricity AS payments_electricity, payments.other AS payments_other, payments.updated_at AS payments_updated_at, payments.`paymentDate` AS `payments_paymentDate`, payments.`paymentMethod` AS `payments_paymentMethod`, payments.`extraPayments` AS `payments_extraPayments`, payments.notes AS payments_notes, payments.year AS payments_year 
FROM payments 
WHERE payments.apartment_id = %(apartment_id_1)s]
[parameters: {'apartment_id_1': 1}]
(Background on this error at: https://sqlalche.me/e/20/e3q8)
2025-03-11 05:50:10,827 - ERROR - app - Error getting payments: (pymysql.err.OperationalError) (1054, "Unknown column 'payments.paymentDate' in 'field list'")
[SQL: SELECT payments.id AS payments_id, payments.apartment_id AS payments_apartment_id, payments.month AS payments_month, payments.status AS payments_status, payments.tenants AS payments_tenants, payments.internet AS payments_internet, payments.electricity AS payments_electricity, payments.other AS payments_other, payments.updated_at AS payments_updated_at, payments.`paymentDate` AS `payments_paymentDate`, payments.`paymentMethod` AS `payments_paymentMethod`, payments.`extraPayments` AS `payments_extraPayments`, payments.notes AS payments_notes, payments.year AS payments_year 
FROM payments 
WHERE payments.apartment_id = %(apartment_id_1)s]
[parameters: {'apartment_id_1': 1}]
(Background on this error at: https://sqlalche.me/e/20/e3q8)
2025-03-11 05:50:11,045 - ERROR - app - Error getting payments: (pymysql.err.OperationalError) (1054, "Unknown column 'payments.paymentDate' in 'field list'")
[SQL: SELECT payments.id AS payments_id, payments.apartment_id AS payments_apartment_id, payments.month AS payments_month, payments.status AS payments_status, payments.tenants AS payments_tenants, payments.internet AS payments_internet, payments.electricity AS payments_electricity, payments.other AS payments_other, payments.updated_at AS payments_updated_at, payments.`paymentDate` AS `payments_paymentDate`, payments.`paymentMethod` AS `payments_paymentMethod`, payments.`extraPayments` AS `payments_extraPayments`, payments.notes AS payments_notes, payments.year AS payments_year 
FROM payments 
WHERE payments.apartment_id = %(apartment_id_1)s]
[parameters: {'apartment_id_1': 1}]
(Background on this error at: https://sqlalche.me/e/20/e3q8)
2025-03-11 05:50:11,269 - ERROR - app - Error getting payments: (pymysql.err.OperationalError) (1054, "Unknown column 'payments.paymentDate' in 'field list'")
[SQL: SELECT payments.id AS payments_id, payments.apartment_id AS payments_apartment_id, payments.month AS payments_month, payments.status AS payments_status, payments.tenants AS payments_tenants, payments.internet AS payments_internet, payments.electricity AS payments_electricity, payments.other AS payments_other, payments.updated_at AS payments_updated_at, payments.`paymentDate` AS `payments_paymentDate`, payments.`paymentMethod` AS `payments_paymentMethod`, payments.`extraPayments` AS `payments_extraPayments`, payments.notes AS payments_notes, payments.year AS payments_year 
FROM payments 
WHERE payments.apartment_id = %(apartment_id_1)s]
[parameters: {'apartment_id_1': 1}]
(Background on this error at: https://sqlalche.me/e/20/e3q8)
2025-03-11 05:50:11,474 - ERROR - app - Error getting payments: (pymysql.err.OperationalError) (1054, "Unknown column 'payments.paymentDate' in 'field list'")
[SQL: SELECT payments.id AS payments_id, payments.apartment_id AS payments_apartment_id, payments.month AS payments_month, payments.status AS payments_status, payments.tenants AS payments_tenants, payments.internet AS payments_internet, payments.electricity AS payments_electricity, payments.other AS payments_other, payments.updated_at AS payments_updated_at, payments.`paymentDate` AS `payments_paymentDate`, payments.`paymentMethod` AS `payments_paymentMethod`, payments.`extraPayments` AS `payments_extraPayments`, payments.notes AS payments_notes, payments.year AS payments_year 
FROM payments 
WHERE payments.apartment_id = %(apartment_id_1)s]
[parameters: {'apartment_id_1': 1}]
(Background on this error at: https://sqlalche.me/e/20/e3q8)
2025-03-11 05:50:11,686 - ERROR - app - Error getting payments: (pymysql.err.OperationalError) (1054, "Unknown column 'payments.paymentDate' in 'field list'")
[SQL: SELECT payments.id AS payments_id, payments.apartment_id AS payments_apartment_id, payments.month AS payments_month, payments.status AS payments_status, payments.tenants AS payments_tenants, payments.internet AS payments_internet, payments.electricity AS payments_electricity, payments.other AS payments_other, payments.updated_at AS payments_updated_at, payments.`paymentDate` AS `payments_paymentDate`, payments.`paymentMethod` AS `payments_paymentMethod`, payments.`extraPayments` AS `payments_extraPayments`, payments.notes AS payments_notes, payments.year AS payments_year 
FROM payments 
WHERE payments.apartment_id = %(apartment_id_1)s]
[parameters: {'apartment_id_1': 1}]
(Background on this error at: https://sqlalche.me/e/20/e3q8)
2025-03-11 05:50:11,899 - ERROR - app - Error getting payments: (pymysql.err.OperationalError) (1054, "Unknown column 'payments.paymentDate' in 'field list'")
[SQL: SELECT payments.id AS payments_id, payments.apartment_id AS payments_apartment_id, payments.month AS payments_month, payments.status AS payments_status, payments.tenants AS payments_tenants, payments.internet AS payments_internet, payments.electricity AS payments_electricity, payments.other AS payments_other, payments.updated_at AS payments_updated_at, payments.`paymentDate` AS `payments_paymentDate`, payments.`paymentMethod` AS `payments_paymentMethod`, payments.`extraPayments` AS `payments_extraPayments`, payments.notes AS payments_notes, payments.year AS payments_year 
FROM payments 
WHERE payments.apartment_id = %(apartment_id_1)s]
[parameters: {'apartment_id_1': 1}]
(Background on this error at: https://sqlalche.me/e/20/e3q8)
2025-03-11 05:50:12,113 - ERROR - app - Error getting payments: (pymysql.err.OperationalError) (1054, "Unknown column 'payments.paymentDate' in 'field list'")
[SQL: SELECT payments.id AS payments_id, payments.apartment_id AS payments_apartment_id, payments.month AS payments_month, payments.status AS payments_status, payments.tenants AS payments_tenants, payments.internet AS payments_internet, payments.electricity AS payments_electricity, payments.other AS payments_other, payments.updated_at AS payments_updated_at, payments.`paymentDate` AS `payments_paymentDate`, payments.`paymentMethod` AS `payments_paymentMethod`, payments.`extraPayments` AS `payments_extraPayments`, payments.notes AS payments_notes, payments.year AS payments_year 
FROM payments 
WHERE payments.apartment_id = %(apartment_id_1)s]
[parameters: {'apartment_id_1': 1}]
(Background on this error at: https://sqlalche.me/e/20/e3q8)
2025-03-11 05:50:12,346 - ERROR - app - Error getting payments: (pymysql.err.OperationalError) (1054, "Unknown column 'payments.paymentDate' in 'field list'")
[SQL: SELECT payments.id AS payments_id, payments.apartment_id AS payments_apartment_id, payments.month AS payments_month, payments.status AS payments_status, payments.tenants AS payments_tenants, payments.internet AS payments_internet, payments.electricity AS payments_electricity, payments.other AS payments_other, payments.updated_at AS payments_updated_at, payments.`paymentDate` AS `payments_paymentDate`, payments.`paymentMethod` AS `payments_paymentMethod`, payments.`extraPayments` AS `payments_extraPayments`, payments.notes AS payments_notes, payments.year AS payments_year 
FROM payments 
WHERE payments.apartment_id = %(apartment_id_1)s]
[parameters: {'apartment_id_1': 1}]
(Background on this error at: https://sqlalche.me/e/20/e3q8)
2025-03-11 05:50:12,574 - ERROR - app - Error getting payments: (pymysql.err.OperationalError) (1054, "Unknown column 'payments.paymentDate' in 'field list'")
[SQL: SELECT payments.id AS payments_id, payments.apartment_id AS payments_apartment_id, payments.month AS payments_month, payments.status AS payments_status, payments.tenants AS payments_tenants, payments.internet AS payments_internet, payments.electricity AS payments_electricity, payments.other AS payments_other, payments.updated_at AS payments_updated_at, payments.`paymentDate` AS `payments_paymentDate`, payments.`paymentMethod` AS `payments_paymentMethod`, payments.`extraPayments` AS `payments_extraPayments`, payments.notes AS payments_notes, payments.year AS payments_year 
FROM payments 
WHERE payments.apartment_id = %(apartment_id_1)s]
[parameters: {'apartment_id_1': 1}]
(Background on this error at: https://sqlalche.me/e/20/e3q8)
2025-03-11 05:50:12,580 - ERROR - app - Error getting payments: (pymysql.err.OperationalError) (1054, "Unknown column 'payments.paymentDate' in 'field list'")
[SQL: SELECT payments.id AS payments_id, payments.apartment_id AS payments_apartment_id, payments.month AS payments_month, payments.status AS payments_status, payments.tenants AS payments_tenants, payments.internet AS payments_internet, payments.electricity AS payments_electricity, payments.other AS payments_other, payments.updated_at AS payments_updated_at, payments.`paymentDate` AS `payments_paymentDate`, payments.`paymentMethod` AS `payments_paymentMethod`, payments.`extraPayments` AS `payments_extraPayments`, payments.notes AS payments_notes, payments.year AS payments_year 
FROM payments 
WHERE payments.apartment_id = %(apartment_id_1)s]
[parameters: {'apartment_id_1': 1}]
(Background on this error at: https://sqlalche.me/e/20/e3q8)
2025-03-11 05:50:12,800 - ERROR - app - Error getting payments: (pymysql.err.OperationalError) (1054, "Unknown column 'payments.paymentDate' in 'field list'")
[SQL: SELECT payments.id AS payments_id, payments.apartment_id AS payments_apartment_id, payments.month AS payments_month, payments.status AS payments_status, payments.tenants AS payments_tenants, payments.internet AS payments_internet, payments.electricity AS payments_electricity, payments.other AS payments_other, payments.updated_at AS payments_updated_at, payments.`paymentDate` AS `payments_paymentDate`, payments.`paymentMethod` AS `payments_paymentMethod`, payments.`extraPayments` AS `payments_extraPayments`, payments.notes AS payments_notes, payments.year AS payments_year 
FROM payments 
WHERE payments.apartment_id = %(apartment_id_1)s]
[parameters: {'apartment_id_1': 1}]
(Background on this error at: https://sqlalche.me/e/20/e3q8)
2025-03-11 05:50:12,801 - ERROR - app - Error getting payments: (pymysql.err.OperationalError) (1054, "Unknown column 'payments.paymentDate' in 'field list'")
[SQL: SELECT payments.id AS payments_id, payments.apartment_id AS payments_apartment_id, payments.month AS payments_month, payments.status AS payments_status, payments.tenants AS payments_tenants, payments.internet AS payments_internet, payments.electricity AS payments_electricity, payments.other AS payments_other, payments.updated_at AS payments_updated_at, payments.`paymentDate` AS `payments_paymentDate`, payments.`paymentMethod` AS `payments_paymentMethod`, payments.`extraPayments` AS `payments_extraPayments`, payments.notes AS payments_notes, payments.year AS payments_year 
FROM payments 
WHERE payments.apartment_id = %(apartment_id_1)s]
[parameters: {'apartment_id_1': 1}]
(Background on this error at: https://sqlalche.me/e/20/e3q8)
2025-03-11 05:50:13,026 - ERROR - app - Error getting payments: (pymysql.err.OperationalError) (1054, "Unknown column 'payments.paymentDate' in 'field list'")
[SQL: SELECT payments.id AS payments_id, payments.apartment_id AS payments_apartment_id, payments.month AS payments_month, payments.status AS payments_status, payments.tenants AS payments_tenants, payments.internet AS payments_internet, payments.electricity AS payments_electricity, payments.other AS payments_other, payments.updated_at AS payments_updated_at, payments.`paymentDate` AS `payments_paymentDate`, payments.`paymentMethod` AS `payments_paymentMethod`, payments.`extraPayments` AS `payments_extraPayments`, payments.notes AS payments_notes, payments.year AS payments_year 
FROM payments 
WHERE payments.apartment_id = %(apartment_id_1)s]
[parameters: {'apartment_id_1': 1}]
(Background on this error at: https://sqlalche.me/e/20/e3q8)
2025-03-11 05:50:13,032 - ERROR - app - Error getting payments: (pymysql.err.OperationalError) (1054, "Unknown column 'payments.paymentDate' in 'field list'")
[SQL: SELECT payments.id AS payments_id, payments.apartment_id AS payments_apartment_id, payments.month AS payments_month, payments.status AS payments_status, payments.tenants AS payments_tenants, payments.internet AS payments_internet, payments.electricity AS payments_electricity, payments.other AS payments_other, payments.updated_at AS payments_updated_at, payments.`paymentDate` AS `payments_paymentDate`, payments.`paymentMethod` AS `payments_paymentMethod`, payments.`extraPayments` AS `payments_extraPayments`, payments.notes AS payments_notes, payments.year AS payments_year 
FROM payments 
WHERE payments.apartment_id = %(apartment_id_1)s]
[parameters: {'apartment_id_1': 1}]
(Background on this error at: https://sqlalche.me/e/20/e3q8)
2025-03-11 05:50:13,260 - ERROR - app - Error getting payments: (pymysql.err.OperationalError) (1054, "Unknown column 'payments.paymentDate' in 'field list'")
[SQL: SELECT payments.id AS payments_id, payments.apartment_id AS payments_apartment_id, payments.month AS payments_month, payments.status AS payments_status, payments.tenants AS payments_tenants, payments.internet AS payments_internet, payments.electricity AS payments_electricity, payments.other AS payments_other, payments.updated_at AS payments_updated_at, payments.`paymentDate` AS `payments_paymentDate`, payments.`paymentMethod` AS `payments_paymentMethod`, payments.`extraPayments` AS `payments_extraPayments`, payments.notes AS payments_notes, payments.year AS payments_year 
FROM payments 
WHERE payments.apartment_id = %(apartment_id_1)s]
[parameters: {'apartment_id_1': 1}]
(Background on this error at: https://sqlalche.me/e/20/e3q8)
2025-03-11 05:50:13,263 - ERROR - app - Error getting payments: (pymysql.err.OperationalError) (1054, "Unknown column 'payments.paymentDate' in 'field list'")
[SQL: SELECT payments.id AS payments_id, payments.apartment_id AS payments_apartment_id, payments.month AS payments_month, payments.status AS payments_status, payments.tenants AS payments_tenants, payments.internet AS payments_internet, payments.electricity AS payments_electricity, payments.other AS payments_other, payments.updated_at AS payments_updated_at, payments.`paymentDate` AS `payments_paymentDate`, payments.`paymentMethod` AS `payments_paymentMethod`, payments.`extraPayments` AS `payments_extraPayments`, payments.notes AS payments_notes, payments.year AS payments_year 
FROM payments 
WHERE payments.apartment_id = %(apartment_id_1)s]
[parameters: {'apartment_id_1': 1}]
(Background on this error at: https://sqlalche.me/e/20/e3q8)
2025-03-11 05:50:13,471 - ERROR - app - Error getting payments: (pymysql.err.OperationalError) (1054, "Unknown column 'payments.paymentDate' in 'field list'")
[SQL: SELECT payments.id AS payments_id, payments.apartment_id AS payments_apartment_id, payments.month AS payments_month, payments.status AS payments_status, payments.tenants AS payments_tenants, payments.internet AS payments_internet, payments.electricity AS payments_electricity, payments.other AS payments_other, payments.updated_at AS payments_updated_at, payments.`paymentDate` AS `payments_paymentDate`, payments.`paymentMethod` AS `payments_paymentMethod`, payments.`extraPayments` AS `payments_extraPayments`, payments.notes AS payments_notes, payments.year AS payments_year 
FROM payments 
WHERE payments.apartment_id = %(apartment_id_1)s]
[parameters: {'apartment_id_1': 1}]
(Background on this error at: https://sqlalche.me/e/20/e3q8)
2025-03-11 05:50:13,476 - ERROR - app - Error getting payments: (pymysql.err.OperationalError) (1054, "Unknown column 'payments.paymentDate' in 'field list'")
[SQL: SELECT payments.id AS payments_id, payments.apartment_id AS payments_apartment_id, payments.month AS payments_month, payments.status AS payments_status, payments.tenants AS payments_tenants, payments.internet AS payments_internet, payments.electricity AS payments_electricity, payments.other AS payments_other, payments.updated_at AS payments_updated_at, payments.`paymentDate` AS `payments_paymentDate`, payments.`paymentMethod` AS `payments_paymentMethod`, payments.`extraPayments` AS `payments_extraPayments`, payments.notes AS payments_notes, payments.year AS payments_year 
FROM payments 
WHERE payments.apartment_id = %(apartment_id_1)s]
[parameters: {'apartment_id_1': 1}]
(Background on this error at: https://sqlalche.me/e/20/e3q8)
2025-03-11 05:50:13,702 - ERROR - app - Error getting payments: (pymysql.err.OperationalError) (1054, "Unknown column 'payments.paymentDate' in 'field list'")
[SQL: SELECT payments.id AS payments_id, payments.apartment_id AS payments_apartment_id, payments.month AS payments_month, payments.status AS payments_status, payments.tenants AS payments_tenants, payments.internet AS payments_internet, payments.electricity AS payments_electricity, payments.other AS payments_other, payments.updated_at AS payments_updated_at, payments.`paymentDate` AS `payments_paymentDate`, payments.`paymentMethod` AS `payments_paymentMethod`, payments.`extraPayments` AS `payments_extraPayments`, payments.notes AS payments_notes, payments.year AS payments_year 
FROM payments 
WHERE payments.apartment_id = %(apartment_id_1)s]
[parameters: {'apartment_id_1': 1}]
(Background on this error at: https://sqlalche.me/e/20/e3q8)
2025-03-11 05:50:13,913 - ERROR - app - Error getting payments: (pymysql.err.OperationalError) (1054, "Unknown column 'payments.paymentDate' in 'field list'")
[SQL: SELECT payments.id AS payments_id, payments.apartment_id AS payments_apartment_id, payments.month AS payments_month, payments.status AS payments_status, payments.tenants AS payments_tenants, payments.internet AS payments_internet, payments.electricity AS payments_electricity, payments.other AS payments_other, payments.updated_at AS payments_updated_at, payments.`paymentDate` AS `payments_paymentDate`, payments.`paymentMethod` AS `payments_paymentMethod`, payments.`extraPayments` AS `payments_extraPayments`, payments.notes AS payments_notes, payments.year AS payments_year 
FROM payments 
WHERE payments.apartment_id = %(apartment_id_1)s]
[parameters: {'apartment_id_1': 1}]
(Background on this error at: https://sqlalche.me/e/20/e3q8)
2025-03-11 05:50:14,130 - ERROR - app - Error getting payments: (pymysql.err.OperationalError) (1054, "Unknown column 'payments.paymentDate' in 'field list'")
[SQL: SELECT payments.id AS payments_id, payments.apartment_id AS payments_apartment_id, payments.month AS payments_month, payments.status AS payments_status, payments.tenants AS payments_tenants, payments.internet AS payments_internet, payments.electricity AS payments_electricity, payments.other AS payments_other, payments.updated_at AS payments_updated_at, payments.`paymentDate` AS `payments_paymentDate`, payments.`paymentMethod` AS `payments_paymentMethod`, payments.`extraPayments` AS `payments_extraPayments`, payments.notes AS payments_notes, payments.year AS payments_year 
FROM payments 
WHERE payments.apartment_id = %(apartment_id_1)s]
[parameters: {'apartment_id_1': 1}]
(Background on this error at: https://sqlalche.me/e/20/e3q8)
2025-03-11 05:50:14,344 - ERROR - app - Error getting payments: (pymysql.err.OperationalError) (1054, "Unknown column 'payments.paymentDate' in 'field list'")
[SQL: SELECT payments.id AS payments_id, payments.apartment_id AS payments_apartment_id, payments.month AS payments_month, payments.status AS payments_status, payments.tenants AS payments_tenants, payments.internet AS payments_internet, payments.electricity AS payments_electricity, payments.other AS payments_other, payments.updated_at AS payments_updated_at, payments.`paymentDate` AS `payments_paymentDate`, payments.`paymentMethod` AS `payments_paymentMethod`, payments.`extraPayments` AS `payments_extraPayments`, payments.notes AS payments_notes, payments.year AS payments_year 
FROM payments 
WHERE payments.apartment_id = %(apartment_id_1)s]
[parameters: {'apartment_id_1': 1}]
(Background on this error at: https://sqlalche.me/e/20/e3q8)
2025-03-11 05:50:14,560 - ERROR - app - Error getting payments: (pymysql.err.OperationalError) (1054, "Unknown column 'payments.paymentDate' in 'field list'")
[SQL: SELECT payments.id AS payments_id, payments.apartment_id AS payments_apartment_id, payments.month AS payments_month, payments.status AS payments_status, payments.tenants AS payments_tenants, payments.internet AS payments_internet, payments.electricity AS payments_electricity, payments.other AS payments_other, payments.updated_at AS payments_updated_at, payments.`paymentDate` AS `payments_paymentDate`, payments.`paymentMethod` AS `payments_paymentMethod`, payments.`extraPayments` AS `payments_extraPayments`, payments.notes AS payments_notes, payments.year AS payments_year 
FROM payments 
WHERE payments.apartment_id = %(apartment_id_1)s]
[parameters: {'apartment_id_1': 1}]
(Background on this error at: https://sqlalche.me/e/20/e3q8)
2025-03-11 05:50:14,772 - ERROR - app - Error getting payments: (pymysql.err.OperationalError) (1054, "Unknown column 'payments.paymentDate' in 'field list'")
[SQL: SELECT payments.id AS payments_id, payments.apartment_id AS payments_apartment_id, payments.month AS payments_month, payments.status AS payments_status, payments.tenants AS payments_tenants, payments.internet AS payments_internet, payments.electricity AS payments_electricity, payments.other AS payments_other, payments.updated_at AS payments_updated_at, payments.`paymentDate` AS `payments_paymentDate`, payments.`paymentMethod` AS `payments_paymentMethod`, payments.`extraPayments` AS `payments_extraPayments`, payments.notes AS payments_notes, payments.year AS payments_year 
FROM payments 
WHERE payments.apartment_id = %(apartment_id_1)s]
[parameters: {'apartment_id_1': 1}]
(Background on this error at: https://sqlalche.me/e/20/e3q8)
2025-03-11 05:50:14,982 - ERROR - app - Error getting payments: (pymysql.err.OperationalError) (1054, "Unknown column 'payments.paymentDate' in 'field list'")
[SQL: SELECT payments.id AS payments_id, payments.apartment_id AS payments_apartment_id, payments.month AS payments_month, payments.status AS payments_status, payments.tenants AS payments_tenants, payments.internet AS payments_internet, payments.electricity AS payments_electricity, payments.other AS payments_other, payments.updated_at AS payments_updated_at, payments.`paymentDate` AS `payments_paymentDate`, payments.`paymentMethod` AS `payments_paymentMethod`, payments.`extraPayments` AS `payments_extraPayments`, payments.notes AS payments_notes, payments.year AS payments_year 
FROM payments 
WHERE payments.apartment_id = %(apartment_id_1)s]
[parameters: {'apartment_id_1': 1}]
(Background on this error at: https://sqlalche.me/e/20/e3q8)
2025-03-11 05:50:15,196 - ERROR - app - Error getting payments: (pymysql.err.OperationalError) (1054, "Unknown column 'payments.paymentDate' in 'field list'")
[SQL: SELECT payments.id AS payments_id, payments.apartment_id AS payments_apartment_id, payments.month AS payments_month, payments.status AS payments_status, payments.tenants AS payments_tenants, payments.internet AS payments_internet, payments.electricity AS payments_electricity, payments.other AS payments_other, payments.updated_at AS payments_updated_at, payments.`paymentDate` AS `payments_paymentDate`, payments.`paymentMethod` AS `payments_paymentMethod`, payments.`extraPayments` AS `payments_extraPayments`, payments.notes AS payments_notes, payments.year AS payments_year 
FROM payments 
WHERE payments.apartment_id = %(apartment_id_1)s]
[parameters: {'apartment_id_1': 1}]
(Background on this error at: https://sqlalche.me/e/20/e3q8)
2025-03-11 05:50:15,408 - ERROR - app - Error getting payments: (pymysql.err.OperationalError) (1054, "Unknown column 'payments.paymentDate' in 'field list'")
[SQL: SELECT payments.id AS payments_id, payments.apartment_id AS payments_apartment_id, payments.month AS payments_month, payments.status AS payments_status, payments.tenants AS payments_tenants, payments.internet AS payments_internet, payments.electricity AS payments_electricity, payments.other AS payments_other, payments.updated_at AS payments_updated_at, payments.`paymentDate` AS `payments_paymentDate`, payments.`paymentMethod` AS `payments_paymentMethod`, payments.`extraPayments` AS `payments_extraPayments`, payments.notes AS payments_notes, payments.year AS payments_year 
FROM payments 
WHERE payments.apartment_id = %(apartment_id_1)s]
[parameters: {'apartment_id_1': 1}]
(Background on this error at: https://sqlalche.me/e/20/e3q8)
2025-03-11 05:50:15,615 - ERROR - app - Error getting payments: (pymysql.err.OperationalError) (1054, "Unknown column 'payments.paymentDate' in 'field list'")
[SQL: SELECT payments.id AS payments_id, payments.apartment_id AS payments_apartment_id, payments.month AS payments_month, payments.status AS payments_status, payments.tenants AS payments_tenants, payments.internet AS payments_internet, payments.electricity AS payments_electricity, payments.other AS payments_other, payments.updated_at AS payments_updated_at, payments.`paymentDate` AS `payments_paymentDate`, payments.`paymentMethod` AS `payments_paymentMethod`, payments.`extraPayments` AS `payments_extraPayments`, payments.notes AS payments_notes, payments.year AS payments_year 
FROM payments 
WHERE payments.apartment_id = %(apartment_id_1)s]
[parameters: {'apartment_id_1': 1}]
(Background on this error at: https://sqlalche.me/e/20/e3q8)
2025-03-11 05:50:15,831 - ERROR - app - Error getting payments: (pymysql.err.OperationalError) (1054, "Unknown column 'payments.paymentDate' in 'field list'")
[SQL: SELECT payments.id AS payments_id, payments.apartment_id AS payments_apartment_id, payments.month AS payments_month, payments.status AS payments_status, payments.tenants AS payments_tenants, payments.internet AS payments_internet, payments.electricity AS payments_electricity, payments.other AS payments_other, payments.updated_at AS payments_updated_at, payments.`paymentDate` AS `payments_paymentDate`, payments.`paymentMethod` AS `payments_paymentMethod`, payments.`extraPayments` AS `payments_extraPayments`, payments.notes AS payments_notes, payments.year AS payments_year 
FROM payments 
WHERE payments.apartment_id = %(apartment_id_1)s]
[parameters: {'apartment_id_1': 1}]
(Background on this error at: https://sqlalche.me/e/20/e3q8)
2025-03-11 05:50:16,040 - ERROR - app - Error getting payments: (pymysql.err.OperationalError) (1054, "Unknown column 'payments.paymentDate' in 'field list'")
[SQL: SELECT payments.id AS payments_id, payments.apartment_id AS payments_apartment_id, payments.month AS payments_month, payments.status AS payments_status, payments.tenants AS payments_tenants, payments.internet AS payments_internet, payments.electricity AS payments_electricity, payments.other AS payments_other, payments.updated_at AS payments_updated_at, payments.`paymentDate` AS `payments_paymentDate`, payments.`paymentMethod` AS `payments_paymentMethod`, payments.`extraPayments` AS `payments_extraPayments`, payments.notes AS payments_notes, payments.year AS payments_year 
FROM payments 
WHERE payments.apartment_id = %(apartment_id_1)s]
[parameters: {'apartment_id_1': 1}]
(Background on this error at: https://sqlalche.me/e/20/e3q8)
2025-03-11 05:50:16,256 - ERROR - app - Error getting payments: (pymysql.err.OperationalError) (1054, "Unknown column 'payments.paymentDate' in 'field list'")
[SQL: SELECT payments.id AS payments_id, payments.apartment_id AS payments_apartment_id, payments.month AS payments_month, payments.status AS payments_status, payments.tenants AS payments_tenants, payments.internet AS payments_internet, payments.electricity AS payments_electricity, payments.other AS payments_other, payments.updated_at AS payments_updated_at, payments.`paymentDate` AS `payments_paymentDate`, payments.`paymentMethod` AS `payments_paymentMethod`, payments.`extraPayments` AS `payments_extraPayments`, payments.notes AS payments_notes, payments.year AS payments_year 
FROM payments 
WHERE payments.apartment_id = %(apartment_id_1)s]
[parameters: {'apartment_id_1': 1}]
(Background on this error at: https://sqlalche.me/e/20/e3q8)
2025-03-11 05:50:16,461 - ERROR - app - Error getting payments: (pymysql.err.OperationalError) (1054, "Unknown column 'payments.paymentDate' in 'field list'")
[SQL: SELECT payments.id AS payments_id, payments.apartment_id AS payments_apartment_id, payments.month AS payments_month, payments.status AS payments_status, payments.tenants AS payments_tenants, payments.internet AS payments_internet, payments.electricity AS payments_electricity, payments.other AS payments_other, payments.updated_at AS payments_updated_at, payments.`paymentDate` AS `payments_paymentDate`, payments.`paymentMethod` AS `payments_paymentMethod`, payments.`extraPayments` AS `payments_extraPayments`, payments.notes AS payments_notes, payments.year AS payments_year 
FROM payments 
WHERE payments.apartment_id = %(apartment_id_1)s]
[parameters: {'apartment_id_1': 1}]
(Background on this error at: https://sqlalche.me/e/20/e3q8)
2025-03-11 05:50:16,663 - ERROR - app - Error getting payments: (pymysql.err.OperationalError) (1054, "Unknown column 'payments.paymentDate' in 'field list'")
[SQL: SELECT payments.id AS payments_id, payments.apartment_id AS payments_apartment_id, payments.month AS payments_month, payments.status AS payments_status, payments.tenants AS payments_tenants, payments.internet AS payments_internet, payments.electricity AS payments_electricity, payments.other AS payments_other, payments.updated_at AS payments_updated_at, payments.`paymentDate` AS `payments_paymentDate`, payments.`paymentMethod` AS `payments_paymentMethod`, payments.`extraPayments` AS `payments_extraPayments`, payments.notes AS payments_notes, payments.year AS payments_year 
FROM payments 
WHERE payments.apartment_id = %(apartment_id_1)s]
[parameters: {'apartment_id_1': 1}]
(Background on this error at: https://sqlalche.me/e/20/e3q8)
2025-03-11 05:50:16,922 - ERROR - app - Error getting payments: (pymysql.err.OperationalError) (1054, "Unknown column 'payments.paymentDate' in 'field list'")
[SQL: SELECT payments.id AS payments_id, payments.apartment_id AS payments_apartment_id, payments.month AS payments_month, payments.status AS payments_status, payments.tenants AS payments_tenants, payments.internet AS payments_internet, payments.electricity AS payments_electricity, payments.other AS payments_other, payments.updated_at AS payments_updated_at, payments.`paymentDate` AS `payments_paymentDate`, payments.`paymentMethod` AS `payments_paymentMethod`, payments.`extraPayments` AS `payments_extraPayments`, payments.notes AS payments_notes, payments.year AS payments_year 
FROM payments 
WHERE payments.apartment_id = %(apartment_id_1)s]
[parameters: {'apartment_id_1': 1}]
(Background on this error at: https://sqlalche.me/e/20/e3q8)
2025-03-11 05:50:17,134 - ERROR - app - Error getting payments: (pymysql.err.OperationalError) (1054, "Unknown column 'payments.paymentDate' in 'field list'")
[SQL: SELECT payments.id AS payments_id, payments.apartment_id AS payments_apartment_id, payments.month AS payments_month, payments.status AS payments_status, payments.tenants AS payments_tenants, payments.internet AS payments_internet, payments.electricity AS payments_electricity, payments.other AS payments_other, payments.updated_at AS payments_updated_at, payments.`paymentDate` AS `payments_paymentDate`, payments.`paymentMethod` AS `payments_paymentMethod`, payments.`extraPayments` AS `payments_extraPayments`, payments.notes AS payments_notes, payments.year AS payments_year 
FROM payments 
WHERE payments.apartment_id = %(apartment_id_1)s]
[parameters: {'apartment_id_1': 1}]
(Background on this error at: https://sqlalche.me/e/20/e3q8)
2025-03-11 05:50:17,348 - ERROR - app - Error getting payments: (pymysql.err.OperationalError) (1054, "Unknown column 'payments.paymentDate' in 'field list'")
[SQL: SELECT payments.id AS payments_id, payments.apartment_id AS payments_apartment_id, payments.month AS payments_month, payments.status AS payments_status, payments.tenants AS payments_tenants, payments.internet AS payments_internet, payments.electricity AS payments_electricity, payments.other AS payments_other, payments.updated_at AS payments_updated_at, payments.`paymentDate` AS `payments_paymentDate`, payments.`paymentMethod` AS `payments_paymentMethod`, payments.`extraPayments` AS `payments_extraPayments`, payments.notes AS payments_notes, payments.year AS payments_year 
FROM payments 
WHERE payments.apartment_id = %(apartment_id_1)s]
[parameters: {'apartment_id_1': 1}]
(Background on this error at: https://sqlalche.me/e/20/e3q8)
2025-03-11 05:50:17,562 - ERROR - app - Error getting payments: (pymysql.err.OperationalError) (1054, "Unknown column 'payments.paymentDate' in 'field list'")
[SQL: SELECT payments.id AS payments_id, payments.apartment_id AS payments_apartment_id, payments.month AS payments_month, payments.status AS payments_status, payments.tenants AS payments_tenants, payments.internet AS payments_internet, payments.electricity AS payments_electricity, payments.other AS payments_other, payments.updated_at AS payments_updated_at, payments.`paymentDate` AS `payments_paymentDate`, payments.`paymentMethod` AS `payments_paymentMethod`, payments.`extraPayments` AS `payments_extraPayments`, payments.notes AS payments_notes, payments.year AS payments_year 
FROM payments 
WHERE payments.apartment_id = %(apartment_id_1)s]
[parameters: {'apartment_id_1': 1}]
(Background on this error at: https://sqlalche.me/e/20/e3q8)
2025-03-11 05:50:17,782 - ERROR - app - Error getting payments: (pymysql.err.OperationalError) (1054, "Unknown column 'payments.paymentDate' in 'field list'")
[SQL: SELECT payments.id AS payments_id, payments.apartment_id AS payments_apartment_id, payments.month AS payments_month, payments.status AS payments_status, payments.tenants AS payments_tenants, payments.internet AS payments_internet, payments.electricity AS payments_electricity, payments.other AS payments_other, payments.updated_at AS payments_updated_at, payments.`paymentDate` AS `payments_paymentDate`, payments.`paymentMethod` AS `payments_paymentMethod`, payments.`extraPayments` AS `payments_extraPayments`, payments.notes AS payments_notes, payments.year AS payments_year 
FROM payments 
WHERE payments.apartment_id = %(apartment_id_1)s]
[parameters: {'apartment_id_1': 1}]
(Background on this error at: https://sqlalche.me/e/20/e3q8)
2025-03-11 05:50:17,985 - ERROR - app - Error getting payments: (pymysql.err.OperationalError) (1054, "Unknown column 'payments.paymentDate' in 'field list'")
[SQL: SELECT payments.id AS payments_id, payments.apartment_id AS payments_apartment_id, payments.month AS payments_month, payments.status AS payments_status, payments.tenants AS payments_tenants, payments.internet AS payments_internet, payments.electricity AS payments_electricity, payments.other AS payments_other, payments.updated_at AS payments_updated_at, payments.`paymentDate` AS `payments_paymentDate`, payments.`paymentMethod` AS `payments_paymentMethod`, payments.`extraPayments` AS `payments_extraPayments`, payments.notes AS payments_notes, payments.year AS payments_year 
FROM payments 
WHERE payments.apartment_id = %(apartment_id_1)s]
[parameters: {'apartment_id_1': 1}]
(Background on this error at: https://sqlalche.me/e/20/e3q8)
2025-03-11 05:50:18,244 - ERROR - app - Error getting payments: (pymysql.err.OperationalError) (1054, "Unknown column 'payments.paymentDate' in 'field list'")
[SQL: SELECT payments.id AS payments_id, payments.apartment_id AS payments_apartment_id, payments.month AS payments_month, payments.status AS payments_status, payments.tenants AS payments_tenants, payments.internet AS payments_internet, payments.electricity AS payments_electricity, payments.other AS payments_other, payments.updated_at AS payments_updated_at, payments.`paymentDate` AS `payments_paymentDate`, payments.`paymentMethod` AS `payments_paymentMethod`, payments.`extraPayments` AS `payments_extraPayments`, payments.notes AS payments_notes, payments.year AS payments_year 
FROM payments 
WHERE payments.apartment_id = %(apartment_id_1)s]
[parameters: {'apartment_id_1': 1}]
(Background on this error at: https://sqlalche.me/e/20/e3q8)
2025-03-11 05:50:18,458 - ERROR - app - Error getting payments: (pymysql.err.OperationalError) (1054, "Unknown column 'payments.paymentDate' in 'field list'")
[SQL: SELECT payments.id AS payments_id, payments.apartment_id AS payments_apartment_id, payments.month AS payments_month, payments.status AS payments_status, payments.tenants AS payments_tenants, payments.internet AS payments_internet, payments.electricity AS payments_electricity, payments.other AS payments_other, payments.updated_at AS payments_updated_at, payments.`paymentDate` AS `payments_paymentDate`, payments.`paymentMethod` AS `payments_paymentMethod`, payments.`extraPayments` AS `payments_extraPayments`, payments.notes AS payments_notes, payments.year AS payments_year 
FROM payments 
WHERE payments.apartment_id = %(apartment_id_1)s]
[parameters: {'apartment_id_1': 1}]
(Background on this error at: https://sqlalche.me/e/20/e3q8)
2025-03-11 05:50:18,678 - ERROR - app - Error getting payments: (pymysql.err.OperationalError) (1054, "Unknown column 'payments.paymentDate' in 'field list'")
[SQL: SELECT payments.id AS payments_id, payments.apartment_id AS payments_apartment_id, payments.month AS payments_month, payments.status AS payments_status, payments.tenants AS payments_tenants, payments.internet AS payments_internet, payments.electricity AS payments_electricity, payments.other AS payments_other, payments.updated_at AS payments_updated_at, payments.`paymentDate` AS `payments_paymentDate`, payments.`paymentMethod` AS `payments_paymentMethod`, payments.`extraPayments` AS `payments_extraPayments`, payments.notes AS payments_notes, payments.year AS payments_year 
FROM payments 
WHERE payments.apartment_id = %(apartment_id_1)s]
[parameters: {'apartment_id_1': 1}]
(Background on this error at: https://sqlalche.me/e/20/e3q8)
2025-03-11 05:50:18,884 - ERROR - app - Error getting payments: (pymysql.err.OperationalError) (1054, "Unknown column 'payments.paymentDate' in 'field list'")
[SQL: SELECT payments.id AS payments_id, payments.apartment_id AS payments_apartment_id, payments.month AS payments_month, payments.status AS payments_status, payments.tenants AS payments_tenants, payments.internet AS payments_internet, payments.electricity AS payments_electricity, payments.other AS payments_other, payments.updated_at AS payments_updated_at, payments.`paymentDate` AS `payments_paymentDate`, payments.`paymentMethod` AS `payments_paymentMethod`, payments.`extraPayments` AS `payments_extraPayments`, payments.notes AS payments_notes, payments.year AS payments_year 
FROM payments 
WHERE payments.apartment_id = %(apartment_id_1)s]
[parameters: {'apartment_id_1': 1}]
(Background on this error at: https://sqlalche.me/e/20/e3q8)
2025-03-11 05:50:19,096 - ERROR - app - Error getting payments: (pymysql.err.OperationalError) (1054, "Unknown column 'payments.paymentDate' in 'field list'")
[SQL: SELECT payments.id AS payments_id, payments.apartment_id AS payments_apartment_id, payments.month AS payments_month, payments.status AS payments_status, payments.tenants AS payments_tenants, payments.internet AS payments_internet, payments.electricity AS payments_electricity, payments.other AS payments_other, payments.updated_at AS payments_updated_at, payments.`paymentDate` AS `payments_paymentDate`, payments.`paymentMethod` AS `payments_paymentMethod`, payments.`extraPayments` AS `payments_extraPayments`, payments.notes AS payments_notes, payments.year AS payments_year 
FROM payments 
WHERE payments.apartment_id = %(apartment_id_1)s]
[parameters: {'apartment_id_1': 1}]
(Background on this error at: https://sqlalche.me/e/20/e3q8)
2025-03-11 05:50:19,304 - ERROR - app - Error getting payments: (pymysql.err.OperationalError) (1054, "Unknown column 'payments.paymentDate' in 'field list'")
[SQL: SELECT payments.id AS payments_id, payments.apartment_id AS payments_apartment_id, payments.month AS payments_month, payments.status AS payments_status, payments.tenants AS payments_tenants, payments.internet AS payments_internet, payments.electricity AS payments_electricity, payments.other AS payments_other, payments.updated_at AS payments_updated_at, payments.`paymentDate` AS `payments_paymentDate`, payments.`paymentMethod` AS `payments_paymentMethod`, payments.`extraPayments` AS `payments_extraPayments`, payments.notes AS payments_notes, payments.year AS payments_year 
FROM payments 
WHERE payments.apartment_id = %(apartment_id_1)s]
[parameters: {'apartment_id_1': 1}]
(Background on this error at: https://sqlalche.me/e/20/e3q8)
2025-03-11 05:50:19,509 - ERROR - app - Error getting payments: (pymysql.err.OperationalError) (1054, "Unknown column 'payments.paymentDate' in 'field list'")
[SQL: SELECT payments.id AS payments_id, payments.apartment_id AS payments_apartment_id, payments.month AS payments_month, payments.status AS payments_status, payments.tenants AS payments_tenants, payments.internet AS payments_internet, payments.electricity AS payments_electricity, payments.other AS payments_other, payments.updated_at AS payments_updated_at, payments.`paymentDate` AS `payments_paymentDate`, payments.`paymentMethod` AS `payments_paymentMethod`, payments.`extraPayments` AS `payments_extraPayments`, payments.notes AS payments_notes, payments.year AS payments_year 
FROM payments 
WHERE payments.apartment_id = %(apartment_id_1)s]
[parameters: {'apartment_id_1': 1}]
(Background on this error at: https://sqlalche.me/e/20/e3q8)
2025-03-11 05:50:19,723 - ERROR - app - Error getting payments: (pymysql.err.OperationalError) (1054, "Unknown column 'payments.paymentDate' in 'field list'")
[SQL: SELECT payments.id AS payments_id, payments.apartment_id AS payments_apartment_id, payments.month AS payments_month, payments.status AS payments_status, payments.tenants AS payments_tenants, payments.internet AS payments_internet, payments.electricity AS payments_electricity, payments.other AS payments_other, payments.updated_at AS payments_updated_at, payments.`paymentDate` AS `payments_paymentDate`, payments.`paymentMethod` AS `payments_paymentMethod`, payments.`extraPayments` AS `payments_extraPayments`, payments.notes AS payments_notes, payments.year AS payments_year 
FROM payments 
WHERE payments.apartment_id = %(apartment_id_1)s]
[parameters: {'apartment_id_1': 1}]
(Background on this error at: https://sqlalche.me/e/20/e3q8)
2025-03-11 05:50:19,945 - ERROR - app - Error getting payments: (pymysql.err.OperationalError) (1054, "Unknown column 'payments.paymentDate' in 'field list'")
[SQL: SELECT payments.id AS payments_id, payments.apartment_id AS payments_apartment_id, payments.month AS payments_month, payments.status AS payments_status, payments.tenants AS payments_tenants, payments.internet AS payments_internet, payments.electricity AS payments_electricity, payments.other AS payments_other, payments.updated_at AS payments_updated_at, payments.`paymentDate` AS `payments_paymentDate`, payments.`paymentMethod` AS `payments_paymentMethod`, payments.`extraPayments` AS `payments_extraPayments`, payments.notes AS payments_notes, payments.year AS payments_year 
FROM payments 
WHERE payments.apartment_id = %(apartment_id_1)s]
[parameters: {'apartment_id_1': 1}]
(Background on this error at: https://sqlalche.me/e/20/e3q8)
2025-03-11 05:50:20,154 - ERROR - app - Error getting payments: (pymysql.err.OperationalError) (1054, "Unknown column 'payments.paymentDate' in 'field list'")
[SQL: SELECT payments.id AS payments_id, payments.apartment_id AS payments_apartment_id, payments.month AS payments_month, payments.status AS payments_status, payments.tenants AS payments_tenants, payments.internet AS payments_internet, payments.electricity AS payments_electricity, payments.other AS payments_other, payments.updated_at AS payments_updated_at, payments.`paymentDate` AS `payments_paymentDate`, payments.`paymentMethod` AS `payments_paymentMethod`, payments.`extraPayments` AS `payments_extraPayments`, payments.notes AS payments_notes, payments.year AS payments_year 
FROM payments 
WHERE payments.apartment_id = %(apartment_id_1)s]
[parameters: {'apartment_id_1': 1}]
(Background on this error at: https://sqlalche.me/e/20/e3q8)
2025-03-11 05:50:20,375 - ERROR - app - Error getting payments: (pymysql.err.OperationalError) (1054, "Unknown column 'payments.paymentDate' in 'field list'")
[SQL: SELECT payments.id AS payments_id, payments.apartment_id AS payments_apartment_id, payments.month AS payments_month, payments.status AS payments_status, payments.tenants AS payments_tenants, payments.internet AS payments_internet, payments.electricity AS payments_electricity, payments.other AS payments_other, payments.updated_at AS payments_updated_at, payments.`paymentDate` AS `payments_paymentDate`, payments.`paymentMethod` AS `payments_paymentMethod`, payments.`extraPayments` AS `payments_extraPayments`, payments.notes AS payments_notes, payments.year AS payments_year 
FROM payments 
WHERE payments.apartment_id = %(apartment_id_1)s]
[parameters: {'apartment_id_1': 1}]
(Background on this error at: https://sqlalche.me/e/20/e3q8)
2025-03-11 05:50:20,590 - ERROR - app - Error getting payments: (pymysql.err.OperationalError) (1054, "Unknown column 'payments.paymentDate' in 'field list'")
[SQL: SELECT payments.id AS payments_id, payments.apartment_id AS payments_apartment_id, payments.month AS payments_month, payments.status AS payments_status, payments.tenants AS payments_tenants, payments.internet AS payments_internet, payments.electricity AS payments_electricity, payments.other AS payments_other, payments.updated_at AS payments_updated_at, payments.`paymentDate` AS `payments_paymentDate`, payments.`paymentMethod` AS `payments_paymentMethod`, payments.`extraPayments` AS `payments_extraPayments`, payments.notes AS payments_notes, payments.year AS payments_year 
FROM payments 
WHERE payments.apartment_id = %(apartment_id_1)s]
[parameters: {'apartment_id_1': 1}]
(Background on this error at: https://sqlalche.me/e/20/e3q8)
2025-03-11 05:50:20,794 - ERROR - app - Error getting payments: (pymysql.err.OperationalError) (1054, "Unknown column 'payments.paymentDate' in 'field list'")
[SQL: SELECT payments.id AS payments_id, payments.apartment_id AS payments_apartment_id, payments.month AS payments_month, payments.status AS payments_status, payments.tenants AS payments_tenants, payments.internet AS payments_internet, payments.electricity AS payments_electricity, payments.other AS payments_other, payments.updated_at AS payments_updated_at, payments.`paymentDate` AS `payments_paymentDate`, payments.`paymentMethod` AS `payments_paymentMethod`, payments.`extraPayments` AS `payments_extraPayments`, payments.notes AS payments_notes, payments.year AS payments_year 
FROM payments 
WHERE payments.apartment_id = %(apartment_id_1)s]
[parameters: {'apartment_id_1': 1}]
(Background on this error at: https://sqlalche.me/e/20/e3q8)
2025-03-11 05:50:21,015 - ERROR - app - Error getting payments: (pymysql.err.OperationalError) (1054, "Unknown column 'payments.paymentDate' in 'field list'")
[SQL: SELECT payments.id AS payments_id, payments.apartment_id AS payments_apartment_id, payments.month AS payments_month, payments.status AS payments_status, payments.tenants AS payments_tenants, payments.internet AS payments_internet, payments.electricity AS payments_electricity, payments.other AS payments_other, payments.updated_at AS payments_updated_at, payments.`paymentDate` AS `payments_paymentDate`, payments.`paymentMethod` AS `payments_paymentMethod`, payments.`extraPayments` AS `payments_extraPayments`, payments.notes AS payments_notes, payments.year AS payments_year 
FROM payments 
WHERE payments.apartment_id = %(apartment_id_1)s]
[parameters: {'apartment_id_1': 1}]
(Background on this error at: https://sqlalche.me/e/20/e3q8)
2025-03-11 05:50:21,228 - ERROR - app - Error getting payments: (pymysql.err.OperationalError) (1054, "Unknown column 'payments.paymentDate' in 'field list'")
[SQL: SELECT payments.id AS payments_id, payments.apartment_id AS payments_apartment_id, payments.month AS payments_month, payments.status AS payments_status, payments.tenants AS payments_tenants, payments.internet AS payments_internet, payments.electricity AS payments_electricity, payments.other AS payments_other, payments.updated_at AS payments_updated_at, payments.`paymentDate` AS `payments_paymentDate`, payments.`paymentMethod` AS `payments_paymentMethod`, payments.`extraPayments` AS `payments_extraPayments`, payments.notes AS payments_notes, payments.year AS payments_year 
FROM payments 
WHERE payments.apartment_id = %(apartment_id_1)s]
[parameters: {'apartment_id_1': 1}]
(Background on this error at: https://sqlalche.me/e/20/e3q8)
2025-03-11 05:50:21,435 - ERROR - app - Error getting payments: (pymysql.err.OperationalError) (1054, "Unknown column 'payments.paymentDate' in 'field list'")
[SQL: SELECT payments.id AS payments_id, payments.apartment_id AS payments_apartment_id, payments.month AS payments_month, payments.status AS payments_status, payments.tenants AS payments_tenants, payments.internet AS payments_internet, payments.electricity AS payments_electricity, payments.other AS payments_other, payments.updated_at AS payments_updated_at, payments.`paymentDate` AS `payments_paymentDate`, payments.`paymentMethod` AS `payments_paymentMethod`, payments.`extraPayments` AS `payments_extraPayments`, payments.notes AS payments_notes, payments.year AS payments_year 
FROM payments 
WHERE payments.apartment_id = %(apartment_id_1)s]
[parameters: {'apartment_id_1': 1}]
(Background on this error at: https://sqlalche.me/e/20/e3q8)
2025-03-11 05:50:21,678 - ERROR - app - Error getting payments: (pymysql.err.OperationalError) (1054, "Unknown column 'payments.paymentDate' in 'field list'")
[SQL: SELECT payments.id AS payments_id, payments.apartment_id AS payments_apartment_id, payments.month AS payments_month, payments.status AS payments_status, payments.tenants AS payments_tenants, payments.internet AS payments_internet, payments.electricity AS payments_electricity, payments.other AS payments_other, payments.updated_at AS payments_updated_at, payments.`paymentDate` AS `payments_paymentDate`, payments.`paymentMethod` AS `payments_paymentMethod`, payments.`extraPayments` AS `payments_extraPayments`, payments.notes AS payments_notes, payments.year AS payments_year 
FROM payments 
WHERE payments.apartment_id = %(apartment_id_1)s]
[parameters: {'apartment_id_1': 1}]
(Background on this error at: https://sqlalche.me/e/20/e3q8)
2025-03-11 05:50:21,844 - ERROR - app - Error getting payments: (pymysql.err.OperationalError) (1054, "Unknown column 'payments.paymentDate' in 'field list'")
[SQL: SELECT payments.id AS payments_id, payments.apartment_id AS payments_apartment_id, payments.month AS payments_month, payments.status AS payments_status, payments.tenants AS payments_tenants, payments.internet AS payments_internet, payments.electricity AS payments_electricity, payments.other AS payments_other, payments.updated_at AS payments_updated_at, payments.`paymentDate` AS `payments_paymentDate`, payments.`paymentMethod` AS `payments_paymentMethod`, payments.`extraPayments` AS `payments_extraPayments`, payments.notes AS payments_notes, payments.year AS payments_year 
FROM payments 
WHERE payments.apartment_id = %(apartment_id_1)s]
[parameters: {'apartment_id_1': 1}]
(Background on this error at: https://sqlalche.me/e/20/e3q8)
2025-03-11 05:50:22,045 - ERROR - app - Error getting payments: (pymysql.err.OperationalError) (1054, "Unknown column 'payments.paymentDate' in 'field list'")
[SQL: SELECT payments.id AS payments_id, payments.apartment_id AS payments_apartment_id, payments.month AS payments_month, payments.status AS payments_status, payments.tenants AS payments_tenants, payments.internet AS payments_internet, payments.electricity AS payments_electricity, payments.other AS payments_other, payments.updated_at AS payments_updated_at, payments.`paymentDate` AS `payments_paymentDate`, payments.`paymentMethod` AS `payments_paymentMethod`, payments.`extraPayments` AS `payments_extraPayments`, payments.notes AS payments_notes, payments.year AS payments_year 
FROM payments 
WHERE payments.apartment_id = %(apartment_id_1)s]
[parameters: {'apartment_id_1': 1}]
(Background on this error at: https://sqlalche.me/e/20/e3q8)
2025-03-11 05:50:22,248 - ERROR - app - Error getting payments: (pymysql.err.OperationalError) (1054, "Unknown column 'payments.paymentDate' in 'field list'")
[SQL: SELECT payments.id AS payments_id, payments.apartment_id AS payments_apartment_id, payments.month AS payments_month, payments.status AS payments_status, payments.tenants AS payments_tenants, payments.internet AS payments_internet, payments.electricity AS payments_electricity, payments.other AS payments_other, payments.updated_at AS payments_updated_at, payments.`paymentDate` AS `payments_paymentDate`, payments.`paymentMethod` AS `payments_paymentMethod`, payments.`extraPayments` AS `payments_extraPayments`, payments.notes AS payments_notes, payments.year AS payments_year 
FROM payments 
WHERE payments.apartment_id = %(apartment_id_1)s]
[parameters: {'apartment_id_1': 1}]
(Background on this error at: https://sqlalche.me/e/20/e3q8)
2025-03-11 05:50:22,463 - ERROR - app - Error getting payments: (pymysql.err.OperationalError) (1054, "Unknown column 'payments.paymentDate' in 'field list'")
[SQL: SELECT payments.id AS payments_id, payments.apartment_id AS payments_apartment_id, payments.month AS payments_month, payments.status AS payments_status, payments.tenants AS payments_tenants, payments.internet AS payments_internet, payments.electricity AS payments_electricity, payments.other AS payments_other, payments.updated_at AS payments_updated_at, payments.`paymentDate` AS `payments_paymentDate`, payments.`paymentMethod` AS `payments_paymentMethod`, payments.`extraPayments` AS `payments_extraPayments`, payments.notes AS payments_notes, payments.year AS payments_year 
FROM payments 
WHERE payments.apartment_id = %(apartment_id_1)s]
[parameters: {'apartment_id_1': 1}]
(Background on this error at: https://sqlalche.me/e/20/e3q8)
2025-03-11 05:50:22,665 - ERROR - app - Error getting payments: (pymysql.err.OperationalError) (1054, "Unknown column 'payments.paymentDate' in 'field list'")
[SQL: SELECT payments.id AS payments_id, payments.apartment_id AS payments_apartment_id, payments.month AS payments_month, payments.status AS payments_status, payments.tenants AS payments_tenants, payments.internet AS payments_internet, payments.electricity AS payments_electricity, payments.other AS payments_other, payments.updated_at AS payments_updated_at, payments.`paymentDate` AS `payments_paymentDate`, payments.`paymentMethod` AS `payments_paymentMethod`, payments.`extraPayments` AS `payments_extraPayments`, payments.notes AS payments_notes, payments.year AS payments_year 
FROM payments 
WHERE payments.apartment_id = %(apartment_id_1)s]
[parameters: {'apartment_id_1': 1}]
(Background on this error at: https://sqlalche.me/e/20/e3q8)
2025-03-11 05:50:22,871 - ERROR - app - Error getting payments: (pymysql.err.OperationalError) (1054, "Unknown column 'payments.paymentDate' in 'field list'")
[SQL: SELECT payments.id AS payments_id, payments.apartment_id AS payments_apartment_id, payments.month AS payments_month, payments.status AS payments_status, payments.tenants AS payments_tenants, payments.internet AS payments_internet, payments.electricity AS payments_electricity, payments.other AS payments_other, payments.updated_at AS payments_updated_at, payments.`paymentDate` AS `payments_paymentDate`, payments.`paymentMethod` AS `payments_paymentMethod`, payments.`extraPayments` AS `payments_extraPayments`, payments.notes AS payments_notes, payments.year AS payments_year 
FROM payments 
WHERE payments.apartment_id = %(apartment_id_1)s]
[parameters: {'apartment_id_1': 1}]
(Background on this error at: https://sqlalche.me/e/20/e3q8)
2025-03-11 05:50:23,077 - ERROR - app - Error getting payments: (pymysql.err.OperationalError) (1054, "Unknown column 'payments.paymentDate' in 'field list'")
[SQL: SELECT payments.id AS payments_id, payments.apartment_id AS payments_apartment_id, payments.month AS payments_month, payments.status AS payments_status, payments.tenants AS payments_tenants, payments.internet AS payments_internet, payments.electricity AS payments_electricity, payments.other AS payments_other, payments.updated_at AS payments_updated_at, payments.`paymentDate` AS `payments_paymentDate`, payments.`paymentMethod` AS `payments_paymentMethod`, payments.`extraPayments` AS `payments_extraPayments`, payments.notes AS payments_notes, payments.year AS payments_year 
FROM payments 
WHERE payments.apartment_id = %(apartment_id_1)s]
[parameters: {'apartment_id_1': 1}]
(Background on this error at: https://sqlalche.me/e/20/e3q8)
2025-03-11 05:50:23,283 - ERROR - app - Error getting payments: (pymysql.err.OperationalError) (1054, "Unknown column 'payments.paymentDate' in 'field list'")
[SQL: SELECT payments.id AS payments_id, payments.apartment_id AS payments_apartment_id, payments.month AS payments_month, payments.status AS payments_status, payments.tenants AS payments_tenants, payments.internet AS payments_internet, payments.electricity AS payments_electricity, payments.other AS payments_other, payments.updated_at AS payments_updated_at, payments.`paymentDate` AS `payments_paymentDate`, payments.`paymentMethod` AS `payments_paymentMethod`, payments.`extraPayments` AS `payments_extraPayments`, payments.notes AS payments_notes, payments.year AS payments_year 
FROM payments 
WHERE payments.apartment_id = %(apartment_id_1)s]
[parameters: {'apartment_id_1': 1}]
(Background on this error at: https://sqlalche.me/e/20/e3q8)
2025-03-11 05:50:23,495 - ERROR - app - Error getting payments: (pymysql.err.OperationalError) (1054, "Unknown column 'payments.paymentDate' in 'field list'")
[SQL: SELECT payments.id AS payments_id, payments.apartment_id AS payments_apartment_id, payments.month AS payments_month, payments.status AS payments_status, payments.tenants AS payments_tenants, payments.internet AS payments_internet, payments.electricity AS payments_electricity, payments.other AS payments_other, payments.updated_at AS payments_updated_at, payments.`paymentDate` AS `payments_paymentDate`, payments.`paymentMethod` AS `payments_paymentMethod`, payments.`extraPayments` AS `payments_extraPayments`, payments.notes AS payments_notes, payments.year AS payments_year 
FROM payments 
WHERE payments.apartment_id = %(apartment_id_1)s]
[parameters: {'apartment_id_1': 1}]
(Background on this error at: https://sqlalche.me/e/20/e3q8)
2025-03-11 05:50:23,701 - ERROR - app - Error getting payments: (pymysql.err.OperationalError) (1054, "Unknown column 'payments.paymentDate' in 'field list'")
[SQL: SELECT payments.id AS payments_id, payments.apartment_id AS payments_apartment_id, payments.month AS payments_month, payments.status AS payments_status, payments.tenants AS payments_tenants, payments.internet AS payments_internet, payments.electricity AS payments_electricity, payments.other AS payments_other, payments.updated_at AS payments_updated_at, payments.`paymentDate` AS `payments_paymentDate`, payments.`paymentMethod` AS `payments_paymentMethod`, payments.`extraPayments` AS `payments_extraPayments`, payments.notes AS payments_notes, payments.year AS payments_year 
FROM payments 
WHERE payments.apartment_id = %(apartment_id_1)s]
[parameters: {'apartment_id_1': 1}]
(Background on this error at: https://sqlalche.me/e/20/e3q8)
2025-03-11 05:50:23,910 - ERROR - app - Error getting payments: (pymysql.err.OperationalError) (1054, "Unknown column 'payments.paymentDate' in 'field list'")
[SQL: SELECT payments.id AS payments_id, payments.apartment_id AS payments_apartment_id, payments.month AS payments_month, payments.status AS payments_status, payments.tenants AS payments_tenants, payments.internet AS payments_internet, payments.electricity AS payments_electricity, payments.other AS payments_other, payments.updated_at AS payments_updated_at, payments.`paymentDate` AS `payments_paymentDate`, payments.`paymentMethod` AS `payments_paymentMethod`, payments.`extraPayments` AS `payments_extraPayments`, payments.notes AS payments_notes, payments.year AS payments_year 
FROM payments 
WHERE payments.apartment_id = %(apartment_id_1)s]
[parameters: {'apartment_id_1': 1}]
(Background on this error at: https://sqlalche.me/e/20/e3q8)
2025-03-11 05:50:24,122 - ERROR - app - Error getting payments: (pymysql.err.OperationalError) (1054, "Unknown column 'payments.paymentDate' in 'field list'")
[SQL: SELECT payments.id AS payments_id, payments.apartment_id AS payments_apartment_id, payments.month AS payments_month, payments.status AS payments_status, payments.tenants AS payments_tenants, payments.internet AS payments_internet, payments.electricity AS payments_electricity, payments.other AS payments_other, payments.updated_at AS payments_updated_at, payments.`paymentDate` AS `payments_paymentDate`, payments.`paymentMethod` AS `payments_paymentMethod`, payments.`extraPayments` AS `payments_extraPayments`, payments.notes AS payments_notes, payments.year AS payments_year 
FROM payments 
WHERE payments.apartment_id = %(apartment_id_1)s]
[parameters: {'apartment_id_1': 1}]
(Background on this error at: https://sqlalche.me/e/20/e3q8)
2025-03-11 05:50:24,330 - ERROR - app - Error getting payments: (pymysql.err.OperationalError) (1054, "Unknown column 'payments.paymentDate' in 'field list'")
[SQL: SELECT payments.id AS payments_id, payments.apartment_id AS payments_apartment_id, payments.month AS payments_month, payments.status AS payments_status, payments.tenants AS payments_tenants, payments.internet AS payments_internet, payments.electricity AS payments_electricity, payments.other AS payments_other, payments.updated_at AS payments_updated_at, payments.`paymentDate` AS `payments_paymentDate`, payments.`paymentMethod` AS `payments_paymentMethod`, payments.`extraPayments` AS `payments_extraPayments`, payments.notes AS payments_notes, payments.year AS payments_year 
FROM payments 
WHERE payments.apartment_id = %(apartment_id_1)s]
[parameters: {'apartment_id_1': 1}]
(Background on this error at: https://sqlalche.me/e/20/e3q8)
2025-03-11 05:50:24,531 - ERROR - app - Error getting payments: (pymysql.err.OperationalError) (1054, "Unknown column 'payments.paymentDate' in 'field list'")
[SQL: SELECT payments.id AS payments_id, payments.apartment_id AS payments_apartment_id, payments.month AS payments_month, payments.status AS payments_status, payments.tenants AS payments_tenants, payments.internet AS payments_internet, payments.electricity AS payments_electricity, payments.other AS payments_other, payments.updated_at AS payments_updated_at, payments.`paymentDate` AS `payments_paymentDate`, payments.`paymentMethod` AS `payments_paymentMethod`, payments.`extraPayments` AS `payments_extraPayments`, payments.notes AS payments_notes, payments.year AS payments_year 
FROM payments 
WHERE payments.apartment_id = %(apartment_id_1)s]
[parameters: {'apartment_id_1': 1}]
(Background on this error at: https://sqlalche.me/e/20/e3q8)
2025-03-11 05:50:24,735 - ERROR - app - Error getting payments: (pymysql.err.OperationalError) (1054, "Unknown column 'payments.paymentDate' in 'field list'")
[SQL: SELECT payments.id AS payments_id, payments.apartment_id AS payments_apartment_id, payments.month AS payments_month, payments.status AS payments_status, payments.tenants AS payments_tenants, payments.internet AS payments_internet, payments.electricity AS payments_electricity, payments.other AS payments_other, payments.updated_at AS payments_updated_at, payments.`paymentDate` AS `payments_paymentDate`, payments.`paymentMethod` AS `payments_paymentMethod`, payments.`extraPayments` AS `payments_extraPayments`, payments.notes AS payments_notes, payments.year AS payments_year 
FROM payments 
WHERE payments.apartment_id = %(apartment_id_1)s]
[parameters: {'apartment_id_1': 1}]
(Background on this error at: https://sqlalche.me/e/20/e3q8)
2025-03-11 05:50:24,950 - ERROR - app - Error getting payments: (pymysql.err.OperationalError) (1054, "Unknown column 'payments.paymentDate' in 'field list'")
[SQL: SELECT payments.id AS payments_id, payments.apartment_id AS payments_apartment_id, payments.month AS payments_month, payments.status AS payments_status, payments.tenants AS payments_tenants, payments.internet AS payments_internet, payments.electricity AS payments_electricity, payments.other AS payments_other, payments.updated_at AS payments_updated_at, payments.`paymentDate` AS `payments_paymentDate`, payments.`paymentMethod` AS `payments_paymentMethod`, payments.`extraPayments` AS `payments_extraPayments`, payments.notes AS payments_notes, payments.year AS payments_year 
FROM payments 
WHERE payments.apartment_id = %(apartment_id_1)s]
[parameters: {'apartment_id_1': 1}]
(Background on this error at: https://sqlalche.me/e/20/e3q8)
2025-03-11 05:50:25,158 - ERROR - app - Error getting payments: (pymysql.err.OperationalError) (1054, "Unknown column 'payments.paymentDate' in 'field list'")
[SQL: SELECT payments.id AS payments_id, payments.apartment_id AS payments_apartment_id, payments.month AS payments_month, payments.status AS payments_status, payments.tenants AS payments_tenants, payments.internet AS payments_internet, payments.electricity AS payments_electricity, payments.other AS payments_other, payments.updated_at AS payments_updated_at, payments.`paymentDate` AS `payments_paymentDate`, payments.`paymentMethod` AS `payments_paymentMethod`, payments.`extraPayments` AS `payments_extraPayments`, payments.notes AS payments_notes, payments.year AS payments_year 
FROM payments 
WHERE payments.apartment_id = %(apartment_id_1)s]
[parameters: {'apartment_id_1': 1}]
(Background on this error at: https://sqlalche.me/e/20/e3q8)
2025-03-11 05:50:25,381 - ERROR - app - Error getting payments: (pymysql.err.OperationalError) (1054, "Unknown column 'payments.paymentDate' in 'field list'")
[SQL: SELECT payments.id AS payments_id, payments.apartment_id AS payments_apartment_id, payments.month AS payments_month, payments.status AS payments_status, payments.tenants AS payments_tenants, payments.internet AS payments_internet, payments.electricity AS payments_electricity, payments.other AS payments_other, payments.updated_at AS payments_updated_at, payments.`paymentDate` AS `payments_paymentDate`, payments.`paymentMethod` AS `payments_paymentMethod`, payments.`extraPayments` AS `payments_extraPayments`, payments.notes AS payments_notes, payments.year AS payments_year 
FROM payments 
WHERE payments.apartment_id = %(apartment_id_1)s]
[parameters: {'apartment_id_1': 1}]
(Background on this error at: https://sqlalche.me/e/20/e3q8)
2025-03-11 05:50:25,589 - ERROR - app - Error getting payments: (pymysql.err.OperationalError) (1054, "Unknown column 'payments.paymentDate' in 'field list'")
[SQL: SELECT payments.id AS payments_id, payments.apartment_id AS payments_apartment_id, payments.month AS payments_month, payments.status AS payments_status, payments.tenants AS payments_tenants, payments.internet AS payments_internet, payments.electricity AS payments_electricity, payments.other AS payments_other, payments.updated_at AS payments_updated_at, payments.`paymentDate` AS `payments_paymentDate`, payments.`paymentMethod` AS `payments_paymentMethod`, payments.`extraPayments` AS `payments_extraPayments`, payments.notes AS payments_notes, payments.year AS payments_year 
FROM payments 
WHERE payments.apartment_id = %(apartment_id_1)s]
[parameters: {'apartment_id_1': 1}]
(Background on this error at: https://sqlalche.me/e/20/e3q8)
2025-03-11 05:50:25,592 - ERROR - app - Error getting payments: (pymysql.err.OperationalError) (1054, "Unknown column 'payments.paymentDate' in 'field list'")
[SQL: SELECT payments.id AS payments_id, payments.apartment_id AS payments_apartment_id, payments.month AS payments_month, payments.status AS payments_status, payments.tenants AS payments_tenants, payments.internet AS payments_internet, payments.electricity AS payments_electricity, payments.other AS payments_other, payments.updated_at AS payments_updated_at, payments.`paymentDate` AS `payments_paymentDate`, payments.`paymentMethod` AS `payments_paymentMethod`, payments.`extraPayments` AS `payments_extraPayments`, payments.notes AS payments_notes, payments.year AS payments_year 
FROM payments 
WHERE payments.apartment_id = %(apartment_id_1)s]
[parameters: {'apartment_id_1': 1}]
(Background on this error at: https://sqlalche.me/e/20/e3q8)
2025-03-11 05:50:25,791 - ERROR - app - Error getting payments: (pymysql.err.OperationalError) (1054, "Unknown column 'payments.paymentDate' in 'field list'")
[SQL: SELECT payments.id AS payments_id, payments.apartment_id AS payments_apartment_id, payments.month AS payments_month, payments.status AS payments_status, payments.tenants AS payments_tenants, payments.internet AS payments_internet, payments.electricity AS payments_electricity, payments.other AS payments_other, payments.updated_at AS payments_updated_at, payments.`paymentDate` AS `payments_paymentDate`, payments.`paymentMethod` AS `payments_paymentMethod`, payments.`extraPayments` AS `payments_extraPayments`, payments.notes AS payments_notes, payments.year AS payments_year 
FROM payments 
WHERE payments.apartment_id = %(apartment_id_1)s]
[parameters: {'apartment_id_1': 1}]
(Background on this error at: https://sqlalche.me/e/20/e3q8)
2025-03-11 05:50:25,996 - ERROR - app - Error getting payments: (pymysql.err.OperationalError) (1054, "Unknown column 'payments.paymentDate' in 'field list'")
[SQL: SELECT payments.id AS payments_id, payments.apartment_id AS payments_apartment_id, payments.month AS payments_month, payments.status AS payments_status, payments.tenants AS payments_tenants, payments.internet AS payments_internet, payments.electricity AS payments_electricity, payments.other AS payments_other, payments.updated_at AS payments_updated_at, payments.`paymentDate` AS `payments_paymentDate`, payments.`paymentMethod` AS `payments_paymentMethod`, payments.`extraPayments` AS `payments_extraPayments`, payments.notes AS payments_notes, payments.year AS payments_year 
FROM payments 
WHERE payments.apartment_id = %(apartment_id_1)s]
[parameters: {'apartment_id_1': 1}]
(Background on this error at: https://sqlalche.me/e/20/e3q8)
2025-03-11 05:50:26,210 - ERROR - app - Error getting payments: (pymysql.err.OperationalError) (1054, "Unknown column 'payments.paymentDate' in 'field list'")
[SQL: SELECT payments.id AS payments_id, payments.apartment_id AS payments_apartment_id, payments.month AS payments_month, payments.status AS payments_status, payments.tenants AS payments_tenants, payments.internet AS payments_internet, payments.electricity AS payments_electricity, payments.other AS payments_other, payments.updated_at AS payments_updated_at, payments.`paymentDate` AS `payments_paymentDate`, payments.`paymentMethod` AS `payments_paymentMethod`, payments.`extraPayments` AS `payments_extraPayments`, payments.notes AS payments_notes, payments.year AS payments_year 
FROM payments 
WHERE payments.apartment_id = %(apartment_id_1)s]
[parameters: {'apartment_id_1': 1}]
(Background on this error at: https://sqlalche.me/e/20/e3q8)
2025-03-11 05:50:26,424 - ERROR - app - Error getting payments: (pymysql.err.OperationalError) (1054, "Unknown column 'payments.paymentDate' in 'field list'")
[SQL: SELECT payments.id AS payments_id, payments.apartment_id AS payments_apartment_id, payments.month AS payments_month, payments.status AS payments_status, payments.tenants AS payments_tenants, payments.internet AS payments_internet, payments.electricity AS payments_electricity, payments.other AS payments_other, payments.updated_at AS payments_updated_at, payments.`paymentDate` AS `payments_paymentDate`, payments.`paymentMethod` AS `payments_paymentMethod`, payments.`extraPayments` AS `payments_extraPayments`, payments.notes AS payments_notes, payments.year AS payments_year 
FROM payments 
WHERE payments.apartment_id = %(apartment_id_1)s]
[parameters: {'apartment_id_1': 1}]
(Background on this error at: https://sqlalche.me/e/20/e3q8)
2025-03-11 05:50:26,425 - ERROR - app - Error getting payments: (pymysql.err.OperationalError) (1054, "Unknown column 'payments.paymentDate' in 'field list'")
[SQL: SELECT payments.id AS payments_id, payments.apartment_id AS payments_apartment_id, payments.month AS payments_month, payments.status AS payments_status, payments.tenants AS payments_tenants, payments.internet AS payments_internet, payments.electricity AS payments_electricity, payments.other AS payments_other, payments.updated_at AS payments_updated_at, payments.`paymentDate` AS `payments_paymentDate`, payments.`paymentMethod` AS `payments_paymentMethod`, payments.`extraPayments` AS `payments_extraPayments`, payments.notes AS payments_notes, payments.year AS payments_year 
FROM payments 
WHERE payments.apartment_id = %(apartment_id_1)s]
[parameters: {'apartment_id_1': 1}]
(Background on this error at: https://sqlalche.me/e/20/e3q8)
2025-03-11 05:50:26,634 - ERROR - app - Error getting payments: (pymysql.err.OperationalError) (1054, "Unknown column 'payments.paymentDate' in 'field list'")
[SQL: SELECT payments.id AS payments_id, payments.apartment_id AS payments_apartment_id, payments.month AS payments_month, payments.status AS payments_status, payments.tenants AS payments_tenants, payments.internet AS payments_internet, payments.electricity AS payments_electricity, payments.other AS payments_other, payments.updated_at AS payments_updated_at, payments.`paymentDate` AS `payments_paymentDate`, payments.`paymentMethod` AS `payments_paymentMethod`, payments.`extraPayments` AS `payments_extraPayments`, payments.notes AS payments_notes, payments.year AS payments_year 
FROM payments 
WHERE payments.apartment_id = %(apartment_id_1)s]
[parameters: {'apartment_id_1': 1}]
(Background on this error at: https://sqlalche.me/e/20/e3q8)
2025-03-11 05:50:26,855 - ERROR - app - Error getting payments: (pymysql.err.OperationalError) (1054, "Unknown column 'payments.paymentDate' in 'field list'")
[SQL: SELECT payments.id AS payments_id, payments.apartment_id AS payments_apartment_id, payments.month AS payments_month, payments.status AS payments_status, payments.tenants AS payments_tenants, payments.internet AS payments_internet, payments.electricity AS payments_electricity, payments.other AS payments_other, payments.updated_at AS payments_updated_at, payments.`paymentDate` AS `payments_paymentDate`, payments.`paymentMethod` AS `payments_paymentMethod`, payments.`extraPayments` AS `payments_extraPayments`, payments.notes AS payments_notes, payments.year AS payments_year 
FROM payments 
WHERE payments.apartment_id = %(apartment_id_1)s]
[parameters: {'apartment_id_1': 1}]
(Background on this error at: https://sqlalche.me/e/20/e3q8)
2025-03-11 05:50:27,067 - ERROR - app - Error getting payments: (pymysql.err.OperationalError) (1054, "Unknown column 'payments.paymentDate' in 'field list'")
[SQL: SELECT payments.id AS payments_id, payments.apartment_id AS payments_apartment_id, payments.month AS payments_month, payments.status AS payments_status, payments.tenants AS payments_tenants, payments.internet AS payments_internet, payments.electricity AS payments_electricity, payments.other AS payments_other, payments.updated_at AS payments_updated_at, payments.`paymentDate` AS `payments_paymentDate`, payments.`paymentMethod` AS `payments_paymentMethod`, payments.`extraPayments` AS `payments_extraPayments`, payments.notes AS payments_notes, payments.year AS payments_year 
FROM payments 
WHERE payments.apartment_id = %(apartment_id_1)s]
[parameters: {'apartment_id_1': 1}]
(Background on this error at: https://sqlalche.me/e/20/e3q8)
2025-03-11 05:50:27,282 - ERROR - app - Error getting payments: (pymysql.err.OperationalError) (1054, "Unknown column 'payments.paymentDate' in 'field list'")
[SQL: SELECT payments.id AS payments_id, payments.apartment_id AS payments_apartment_id, payments.month AS payments_month, payments.status AS payments_status, payments.tenants AS payments_tenants, payments.internet AS payments_internet, payments.electricity AS payments_electricity, payments.other AS payments_other, payments.updated_at AS payments_updated_at, payments.`paymentDate` AS `payments_paymentDate`, payments.`paymentMethod` AS `payments_paymentMethod`, payments.`extraPayments` AS `payments_extraPayments`, payments.notes AS payments_notes, payments.year AS payments_year 
FROM payments 
WHERE payments.apartment_id = %(apartment_id_1)s]
[parameters: {'apartment_id_1': 1}]
(Background on this error at: https://sqlalche.me/e/20/e3q8)
2025-03-11 05:50:27,486 - ERROR - app - Error getting payments: (pymysql.err.OperationalError) (1054, "Unknown column 'payments.paymentDate' in 'field list'")
[SQL: SELECT payments.id AS payments_id, payments.apartment_id AS payments_apartment_id, payments.month AS payments_month, payments.status AS payments_status, payments.tenants AS payments_tenants, payments.internet AS payments_internet, payments.electricity AS payments_electricity, payments.other AS payments_other, payments.updated_at AS payments_updated_at, payments.`paymentDate` AS `payments_paymentDate`, payments.`paymentMethod` AS `payments_paymentMethod`, payments.`extraPayments` AS `payments_extraPayments`, payments.notes AS payments_notes, payments.year AS payments_year 
FROM payments 
WHERE payments.apartment_id = %(apartment_id_1)s]
[parameters: {'apartment_id_1': 1}]
(Background on this error at: https://sqlalche.me/e/20/e3q8)
2025-03-11 05:50:27,698 - ERROR - app - Error getting payments: (pymysql.err.OperationalError) (1054, "Unknown column 'payments.paymentDate' in 'field list'")
[SQL: SELECT payments.id AS payments_id, payments.apartment_id AS payments_apartment_id, payments.month AS payments_month, payments.status AS payments_status, payments.tenants AS payments_tenants, payments.internet AS payments_internet, payments.electricity AS payments_electricity, payments.other AS payments_other, payments.updated_at AS payments_updated_at, payments.`paymentDate` AS `payments_paymentDate`, payments.`paymentMethod` AS `payments_paymentMethod`, payments.`extraPayments` AS `payments_extraPayments`, payments.notes AS payments_notes, payments.year AS payments_year 
FROM payments 
WHERE payments.apartment_id = %(apartment_id_1)s]
[parameters: {'apartment_id_1': 1}]
(Background on this error at: https://sqlalche.me/e/20/e3q8)
2025-03-11 05:50:27,897 - ERROR - app - Error getting payments: (pymysql.err.OperationalError) (1054, "Unknown column 'payments.paymentDate' in 'field list'")
[SQL: SELECT payments.id AS payments_id, payments.apartment_id AS payments_apartment_id, payments.month AS payments_month, payments.status AS payments_status, payments.tenants AS payments_tenants, payments.internet AS payments_internet, payments.electricity AS payments_electricity, payments.other AS payments_other, payments.updated_at AS payments_updated_at, payments.`paymentDate` AS `payments_paymentDate`, payments.`paymentMethod` AS `payments_paymentMethod`, payments.`extraPayments` AS `payments_extraPayments`, payments.notes AS payments_notes, payments.year AS payments_year 
FROM payments 
WHERE payments.apartment_id = %(apartment_id_1)s]
[parameters: {'apartment_id_1': 1}]
(Background on this error at: https://sqlalche.me/e/20/e3q8)
2025-03-11 05:50:28,113 - ERROR - app - Error getting payments: (pymysql.err.OperationalError) (1054, "Unknown column 'payments.paymentDate' in 'field list'")
[SQL: SELECT payments.id AS payments_id, payments.apartment_id AS payments_apartment_id, payments.month AS payments_month, payments.status AS payments_status, payments.tenants AS payments_tenants, payments.internet AS payments_internet, payments.electricity AS payments_electricity, payments.other AS payments_other, payments.updated_at AS payments_updated_at, payments.`paymentDate` AS `payments_paymentDate`, payments.`paymentMethod` AS `payments_paymentMethod`, payments.`extraPayments` AS `payments_extraPayments`, payments.notes AS payments_notes, payments.year AS payments_year 
FROM payments 
WHERE payments.apartment_id = %(apartment_id_1)s]
[parameters: {'apartment_id_1': 1}]
(Background on this error at: https://sqlalche.me/e/20/e3q8)
2025-03-11 05:50:28,314 - ERROR - app - Error getting payments: (pymysql.err.OperationalError) (1054, "Unknown column 'payments.paymentDate' in 'field list'")
[SQL: SELECT payments.id AS payments_id, payments.apartment_id AS payments_apartment_id, payments.month AS payments_month, payments.status AS payments_status, payments.tenants AS payments_tenants, payments.internet AS payments_internet, payments.electricity AS payments_electricity, payments.other AS payments_other, payments.updated_at AS payments_updated_at, payments.`paymentDate` AS `payments_paymentDate`, payments.`paymentMethod` AS `payments_paymentMethod`, payments.`extraPayments` AS `payments_extraPayments`, payments.notes AS payments_notes, payments.year AS payments_year 
FROM payments 
WHERE payments.apartment_id = %(apartment_id_1)s]
[parameters: {'apartment_id_1': 1}]
(Background on this error at: https://sqlalche.me/e/20/e3q8)
2025-03-11 05:50:28,520 - ERROR - app - Error getting payments: (pymysql.err.OperationalError) (1054, "Unknown column 'payments.paymentDate' in 'field list'")
[SQL: SELECT payments.id AS payments_id, payments.apartment_id AS payments_apartment_id, payments.month AS payments_month, payments.status AS payments_status, payments.tenants AS payments_tenants, payments.internet AS payments_internet, payments.electricity AS payments_electricity, payments.other AS payments_other, payments.updated_at AS payments_updated_at, payments.`paymentDate` AS `payments_paymentDate`, payments.`paymentMethod` AS `payments_paymentMethod`, payments.`extraPayments` AS `payments_extraPayments`, payments.notes AS payments_notes, payments.year AS payments_year 
FROM payments 
WHERE payments.apartment_id = %(apartment_id_1)s]
[parameters: {'apartment_id_1': 1}]
(Background on this error at: https://sqlalche.me/e/20/e3q8)
2025-03-11 05:50:28,734 - ERROR - app - Error getting payments: (pymysql.err.OperationalError) (1054, "Unknown column 'payments.paymentDate' in 'field list'")
[SQL: SELECT payments.id AS payments_id, payments.apartment_id AS payments_apartment_id, payments.month AS payments_month, payments.status AS payments_status, payments.tenants AS payments_tenants, payments.internet AS payments_internet, payments.electricity AS payments_electricity, payments.other AS payments_other, payments.updated_at AS payments_updated_at, payments.`paymentDate` AS `payments_paymentDate`, payments.`paymentMethod` AS `payments_paymentMethod`, payments.`extraPayments` AS `payments_extraPayments`, payments.notes AS payments_notes, payments.year AS payments_year 
FROM payments 
WHERE payments.apartment_id = %(apartment_id_1)s]
[parameters: {'apartment_id_1': 1}]
(Background on this error at: https://sqlalche.me/e/20/e3q8)
2025-03-11 05:50:28,947 - ERROR - app - Error getting payments: (pymysql.err.OperationalError) (1054, "Unknown column 'payments.paymentDate' in 'field list'")
[SQL: SELECT payments.id AS payments_id, payments.apartment_id AS payments_apartment_id, payments.month AS payments_month, payments.status AS payments_status, payments.tenants AS payments_tenants, payments.internet AS payments_internet, payments.electricity AS payments_electricity, payments.other AS payments_other, payments.updated_at AS payments_updated_at, payments.`paymentDate` AS `payments_paymentDate`, payments.`paymentMethod` AS `payments_paymentMethod`, payments.`extraPayments` AS `payments_extraPayments`, payments.notes AS payments_notes, payments.year AS payments_year 
FROM payments 
WHERE payments.apartment_id = %(apartment_id_1)s]
[parameters: {'apartment_id_1': 1}]
(Background on this error at: https://sqlalche.me/e/20/e3q8)
2025-03-11 05:52:24,351 - INFO - app - Logs API initialized successfully
2025-03-11 05:52:24,360 - INFO - app - Blueprints registered
2025-03-11 05:52:25,029 - INFO - app - Logs API initialized successfully
2025-03-11 05:52:25,038 - INFO - app - Blueprints registered
2025-03-11 05:55:44,457 - INFO - app - Logs API initialized successfully
2025-03-11 05:55:44,469 - INFO - app - Blueprints registered
2025-03-11 05:56:17,311 - INFO - app - Logs API initialized successfully
2025-03-11 05:56:17,319 - INFO - app - Blueprints registered
2025-03-11 06:00:36,127 - ERROR - app - Error getting tenant payment analytics: name 'months' is not defined
2025-03-11 06:00:36,129 - ERROR - app - Error getting tenant payment analytics: name 'months' is not defined
2025-03-11 06:06:18,187 - ERROR - app - Error getting tenant payment analytics: name 'months' is not defined
2025-03-11 06:06:18,188 - ERROR - app - Error getting tenant payment analytics: name 'months' is not defined
2025-03-11 06:08:36,895 - ERROR - app - Error getting tenant payment analytics: name 'months' is not defined
2025-03-11 06:08:36,896 - ERROR - app - Error getting tenant payment analytics: name 'months' is not defined
2025-03-11 06:09:28,014 - ERROR - app - Error getting tenant payment analytics: name 'months' is not defined
2025-03-11 06:09:28,017 - ERROR - app - Error getting tenant payment analytics: name 'months' is not defined
2025-03-11 06:12:47,064 - ERROR - app - Error getting tenant payment analytics: name 'months' is not defined
2025-03-11 06:12:47,067 - ERROR - app - Error getting tenant payment analytics: name 'months' is not defined
2025-03-11 06:12:56,542 - ERROR - app - Error getting tenant payment analytics: name 'months' is not defined
2025-03-11 06:12:56,545 - ERROR - app - Error getting tenant payment analytics: name 'months' is not defined
2025-03-11 06:19:23,509 - ERROR - app - Error getting tenant payment analytics: name 'months' is not defined
2025-03-11 06:19:23,510 - ERROR - app - Error getting tenant payment analytics: name 'months' is not defined
